segment_id,frame,x,y,phase
0,0,47.000000,939.000000,wait
0,1,47.000000,939.000000,wait
0,2,47.000000,939.000000,wait
0,3,47.000000,939.000000,wait
0,4,47.000000,939.000000,wait
0,5,47.000000,939.000000,wait
0,6,47.000000,939.000000,wait
0,7,47.000000,939.000000,wait
0,8,47.000000,939.000000,wait
0,9,47.000000,939.000000,wait
0,10,47.000000,939.000000,wait
0,11,47.000000,939.000000,wait
0,12,47.000000,939.000000,wait
0,13,47.000000,939.000000,wait
0,14,47.000000,939.000000,wait
0,15,40.567491,931.343446,move
0,16,34.134981,923.686891,move
0,17,27.702472,916.030337,move
0,18,21.269963,908.373783,move
0,19,14.837454,900.717228,move
0,20,8.404944,893.060674,move
0,21,8.000000,885.404120,move
0,22,14.432509,877.747565,move
0,23,20.865019,870.091011,move
0,24,27.297528,862.434457,move
0,25,33.730037,854.777902,move
0,26,40.162546,847.121348,move
0,27,46.595056,839.464794,move
0,28,53.027565,831.808239,move
0,29,59.460074,824.151685,move
0,30,65.892584,816.495131,move
0,31,72.325093,808.838576,move
0,32,78.757602,801.182022,move
0,33,85.190112,793.525468,move
0,34,91.622621,785.868913,move
0,35,98.055130,778.212359,move
0,36,104.487639,770.555805,move
0,37,110.920149,762.899250,move
0,38,117.352658,755.242696,move
0,39,123.785167,747.586142,move
0,40,130.217677,739.929587,move
0,41,136.650186,732.273033,move
0,42,143.082695,724.616479,move
0,43,149.515204,716.959924,move
0,44,155.947714,709.303370,move
0,45,162.380223,701.646816,move
0,46,168.812732,693.990261,move
0,47,175.245242,686.333707,move
0,48,181.677751,678.677153,move
0,49,188.110260,671.020598,move
0,50,194.542769,663.364044,move
0,51,200.975279,655.707490,move
0,52,207.407788,648.050935,move
0,53,213.840297,640.394381,move
0,54,220.272807,632.737827,move
0,55,226.705316,625.081273,move
0,56,233.137825,617.424718,move
0,57,239.570335,609.768164,move
0,58,246.002844,602.111610,move
0,59,252.435353,594.455055,move
0,60,258.867862,586.798501,move
0,61,265.300372,579.141947,move
0,62,271.732881,571.485392,move
0,63,278.165390,563.828838,move
0,64,284.597900,556.172284,move
0,65,291.030409,548.515729,move
0,66,297.462918,540.859175,move
0,67,303.895427,533.202621,move
0,68,310.327937,525.546066,move
0,69,316.760446,517.889512,move
0,70,323.192955,510.232958,move
0,71,329.625465,502.576403,move
0,72,336.057974,494.919849,move
0,73,342.490483,487.263295,move
0,74,348.922993,479.606740,move
0,75,355.355502,471.950186,move
0,76,361.788011,464.293632,move
0,77,368.220520,456.637077,move
0,78,374.653030,448.980523,move
0,79,381.085539,441.323969,move
0,80,387.518048,433.667414,move
0,81,393.950558,426.010860,move
0,82,400.383067,418.354306,move
0,83,406.815576,410.697751,move
0,84,413.248085,403.041197,move
0,85,419.680595,395.384643,move
0,86,426.113104,387.728088,move
0,87,432.545613,380.071534,move
0,88,438.978123,372.414980,move
0,89,445.410632,364.758425,move
0,90,451.843141,357.101871,move
0,91,458.275651,349.445317,move
0,92,464.708160,341.788762,move
0,93,471.140669,334.132208,move
0,94,477.573178,326.475654,move
0,95,484.005688,318.819099,move
0,96,490.438197,311.162545,move
0,97,496.870706,303.505991,move
0,98,503.303216,295.849436,move
0,99,509.735725,288.192882,move
0,100,516.168234,280.536328,move
0,101,522.600743,272.879773,move
0,102,529.033253,265.223219,move
0,103,535.465762,257.566665,move
0,104,541.898271,249.910110,move
0,105,548.330781,242.253556,move
0,106,554.763290,234.597002,move
0,107,561.195799,226.940447,move
0,108,567.628308,219.283893,move
0,109,574.060818,211.627339,move
0,110,580.493327,203.970784,move
0,111,586.925836,196.314230,move
0,112,593.358346,188.657676,move
0,113,599.790855,181.001121,move
0,114,606.223364,173.344567,move
0,115,612.655874,165.688013,move
0,116,619.088383,158.031458,move
0,117,625.520892,150.374904,move
0,118,631.953401,142.718350,move
0,119,638.385911,135.061795,move
0,120,644.818420,127.405241,move
0,121,651.250929,119.748687,move
0,122,657.683439,112.092132,move
0,123,664.115948,104.435578,move
0,124,670.548457,96.779024,move
0,125,676.980966,89.122469,move
0,126,683.413476,81.465915,move
0,127,689.845985,73.809361,move
0,128,696.278494,66.152806,move
0,129,702.711004,58.496252,move
0,130,709.143513,50.839698,move
0,131,715.576022,43.183143,move
0,132,722.008532,35.526589,move
0,133,728.441041,27.870035,move
0,134,734.873550,20.213480,move
0,135,741.306059,12.556926,move
0,136,747.738569,8.000000,move
0,137,754.171078,15.656554,move
0,138,760.603587,23.313109,move
0,139,767.036097,30.969663,move
0,140,773.468606,38.626217,move
0,141,779.901115,46.282772,move
0,142,786.333624,53.939326,move
0,143,792.766134,61.595880,move
0,144,799.198643,69.252435,move
0,145,805.631152,76.908989,move
0,146,812.063662,84.565543,move
0,147,818.496171,92.222098,move
0,148,824.928680,99.878652,move
0,149,831.361189,107.535206,move
1,150,136.000000,44.000000,wait
1,151,136.000000,44.000000,wait
1,152,136.000000,44.000000,wait
1,153,136.000000,44.000000,wait
1,154,136.000000,44.000000,wait
1,155,136.000000,44.000000,wait
1,156,136.000000,44.000000,wait
1,157,136.000000,44.000000,wait
1,158,136.000000,44.000000,wait
1,159,136.000000,44.000000,wait
1,160,136.000000,44.000000,wait
1,161,136.000000,44.000000,wait
1,162,136.000000,44.000000,wait
1,163,136.000000,44.000000,wait
1,164,136.000000,44.000000,wait
1,165,139.742124,34.726570,move
1,166,143.484247,25.453139,move
1,167,147.226371,16.179709,move
1,168,150.968494,8.000000,move
1,169,154.710618,17.273430,move
1,170,158.452742,26.546861,move
1,171,162.194865,35.820291,move
1,172,165.936989,45.093721,move
1,173,169.679113,54.367152,move
1,174,173.421236,63.640582,move
1,175,177.163360,72.914013,move
1,176,180.905483,82.187443,move
1,177,184.647607,91.460873,move
1,178,188.389731,100.734304,move
1,179,192.131854,110.007734,move
1,180,195.873978,119.281164,move
1,181,199.616102,128.554595,move
1,182,203.358225,137.828025,move
1,183,207.100349,147.101456,move
1,184,210.842472,156.374886,move
1,185,214.584596,165.648316,move
1,186,218.326720,174.921747,move
1,187,222.068843,184.195177,move
1,188,225.810967,193.468607,move
1,189,229.553091,202.742038,move
1,190,233.295214,212.015468,move
1,191,237.037338,221.288898,move
1,192,240.779461,230.562329,move
1,193,244.521585,239.835759,move
1,194,248.263709,249.109190,move
1,195,252.005832,258.382620,move
1,196,255.747956,267.656050,move
1,197,259.490080,276.929481,move
1,198,263.232203,286.202911,move
1,199,266.974327,295.476341,move
1,200,270.716450,304.749772,move
1,201,274.458574,314.023202,move
1,202,278.200698,323.296633,move
1,203,281.942821,332.570063,move
1,204,285.684945,341.843493,move
1,205,289.427069,351.116924,move
1,206,293.169192,360.390354,move
1,207,296.911316,369.663784,move
1,208,300.653439,378.937215,move
1,209,304.395563,388.210645,move
1,210,308.137687,397.484075,move
1,211,311.879810,406.757506,move
1,212,315.621934,416.030936,move
1,213,319.364058,425.304367,move
1,214,323.106181,434.577797,move
1,215,326.848305,443.851227,move
1,216,330.590428,453.124658,move
1,217,334.332552,462.398088,move
1,218,338.074676,471.671518,move
1,219,341.816799,480.944949,move
1,220,345.558923,490.218379,move
1,221,349.301047,499.491810,move
1,222,353.043170,508.765240,move
1,223,356.785294,518.038670,move
1,224,360.527417,527.312101,move
1,225,364.269541,536.585531,move
1,226,368.011665,545.858961,move
1,227,371.753788,555.132392,move
1,228,375.495912,564.405822,move
1,229,379.238035,573.679252,move
1,230,382.980159,582.952683,move
1,231,386.722283,592.226113,move
1,232,390.464406,601.499544,move
1,233,394.206530,610.772974,move
1,234,397.948654,620.046404,move
1,235,401.690777,629.319835,move
1,236,405.432901,638.593265,move
1,237,409.175024,647.866695,move
1,238,412.917148,657.140126,move
1,239,416.659272,666.413556,move
1,240,420.401395,675.686986,move
1,241,424.143519,684.960417,move
1,242,427.885643,694.233847,move
1,243,431.627766,703.507278,move
1,244,435.369890,712.780708,move
1,245,439.112013,722.054138,move
1,246,442.854137,731.327569,move
1,247,446.596261,740.600999,move
1,248,450.338384,749.874429,move
1,249,454.080508,759.147860,move
1,250,457.822632,768.421290,move
1,251,461.564755,777.694721,move
1,252,465.306879,786.968151,move
1,253,469.049002,796.241581,move
1,254,472.791126,805.515012,move
1,255,476.533250,814.788442,move
1,256,480.275373,824.061872,move
1,257,484.017497,833.335303,move
1,258,487.759621,842.608733,move
1,259,491.501744,851.882163,move
1,260,495.243868,861.155594,move
1,261,498.985991,870.429024,move
1,262,502.728115,879.702455,move
1,263,506.470239,888.975885,move
1,264,510.212362,898.249315,move
1,265,513.954486,907.522746,move
1,266,517.696610,916.796176,move
1,267,521.438733,926.069606,move
1,268,525.180857,935.343037,move
1,269,528.922980,944.616467,move
1,270,532.665104,953.889898,move
1,271,536.407228,963.163328,move
1,272,540.149351,972.436758,move
1,273,543.891475,981.710189,move
1,274,547.633599,990.983619,move
1,275,551.375722,992.000000,move
1,276,555.117846,982.726570,move
1,277,558.859969,973.453139,move
1,278,562.602093,964.179709,move
1,279,566.344217,954.906279,move
1,280,570.086340,945.632848,move
1,281,573.828464,936.359418,move
1,282,577.570588,927.085987,move
1,283,581.312711,917.812557,move
1,284,585.054835,908.539127,move
1,285,588.796958,899.265696,move
1,286,592.539082,889.992266,move
1,287,596.281206,880.718836,move
1,288,600.023329,871.445405,move
1,289,603.765453,862.171975,move
1,290,607.507576,852.898544,move
1,291,611.249700,843.625114,move
1,292,614.991824,834.351684,move
1,293,618.733947,825.078253,move
1,294,622.476071,815.804823,move
1,295,626.218195,806.531393,move
1,296,629.960318,797.257962,move
1,297,633.702442,787.984532,move
1,298,637.444565,778.711102,move
1,299,641.186689,769.437671,move
2,300,176.000000,49.000000,wait
2,301,176.000000,49.000000,wait
2,302,176.000000,49.000000,wait
2,303,176.000000,49.000000,wait
2,304,176.000000,49.000000,wait
2,305,176.000000,49.000000,wait
2,306,176.000000,49.000000,wait
2,307,176.000000,49.000000,wait
2,308,176.000000,49.000000,wait
2,309,176.000000,49.000000,wait
2,310,176.000000,49.000000,wait
2,311,176.000000,49.000000,wait
2,312,176.000000,49.000000,wait
2,313,176.000000,49.000000,wait
2,314,176.000000,49.000000,wait
2,315,179.803349,39.751512,move
2,316,183.606698,30.503023,move
2,317,187.410047,21.254535,move
2,318,191.213396,12.006047,move
2,319,195.016745,8.000000,move
2,320,198.820094,17.248488,move
2,321,202.623443,26.496977,move
2,322,206.426792,35.745465,move
2,323,210.230141,44.993953,move
2,324,214.033490,54.242442,move
2,325,217.836839,63.490930,move
2,326,221.640188,72.739418,move
2,327,225.443537,81.987907,move
2,328,229.246886,91.236395,move
2,329,233.050235,100.484883,move
2,330,236.853584,109.733372,move
2,331,240.656933,118.981860,move
2,332,244.460282,128.230348,move
2,333,248.263631,137.478837,move
2,334,252.066980,146.727325,move
2,335,255.870329,155.975813,move
2,336,259.673678,165.224302,move
2,337,263.477027,174.472790,move
2,338,267.280376,183.721278,move
2,339,271.083725,192.969767,move
2,340,274.887074,202.218255,move
2,341,278.690423,211.466743,move
2,342,282.493772,220.715232,move
2,343,286.297121,229.963720,move
2,344,290.100470,239.212208,move
2,345,293.903819,248.460697,move
2,346,297.707168,257.709185,move
2,347,301.510517,266.957673,move
2,348,305.313866,276.206162,move
2,349,309.117215,285.454650,move
2,350,312.920564,294.703138,move
2,351,316.723913,303.951627,move
2,352,320.527262,313.200115,move
2,353,324.330611,322.448603,move
2,354,328.133960,331.697092,move
2,355,331.937309,340.945580,move
2,356,335.740658,350.194068,move
2,357,339.544007,359.442556,move
2,358,343.347356,368.691045,move
2,359,347.150705,377.939533,move
2,360,350.954054,387.188021,move
2,361,354.757403,396.436510,move
2,362,358.560752,405.684998,move
2,363,362.364101,414.933486,move
2,364,366.167450,424.181975,move
2,365,369.970799,433.430463,move
2,366,373.774148,442.678951,move
2,367,377.577497,451.927440,move
2,368,381.380846,461.175928,move
2,369,385.184195,470.424416,move
2,370,388.987544,479.672905,move
2,371,392.790893,488.921393,move
2,372,396.594242,498.169881,move
2,373,400.397591,507.418370,move
2,374,404.200940,516.666858,move
2,375,408.004289,525.915346,move
2,376,411.807638,535.163835,move
2,377,415.610987,544.412323,move
2,378,419.414336,553.660811,move
2,379,423.217685,562.909300,move
2,380,427.021034,572.157788,move
2,381,430.824383,581.406276,move
2,382,434.627732,590.654765,move
2,383,438.431081,599.903253,move
2,384,442.234430,609.151741,move
2,385,446.037779,618.400230,move
2,386,449.841128,627.648718,move
2,387,453.644477,636.897206,move
2,388,457.447826,646.145695,move
2,389,461.251175,655.394183,move
2,390,465.054524,664.642671,move
2,391,468.857873,673.891160,move
2,392,472.661222,683.139648,move
2,393,476.464571,692.388136,move
2,394,480.267920,701.636625,move
2,395,484.071269,710.885113,move
2,396,487.874618,720.133601,move
2,397,491.677967,729.382090,move
2,398,495.481316,738.630578,move
2,399,499.284665,747.879066,move
2,400,503.088014,757.127555,move
2,401,506.891363,766.376043,move
2,402,510.694712,775.624531,move
2,403,514.498061,784.873020,move
2,404,518.301410,794.121508,move
2,405,522.104759,803.369996,move
2,406,525.908108,812.618485,move
2,407,529.711457,821.866973,move
2,408,533.514806,831.115461,move
2,409,537.318155,840.363950,move
2,410,541.121504,849.612438,move
2,411,544.924853,858.860926,move
2,412,548.728202,868.109415,move
2,413,552.531551,877.357903,move
2,414,556.334900,886.606391,move
2,415,560.138249,895.854880,move
2,416,563.941598,905.103368,move
2,417,567.744947,914.351856,move
2,418,571.548296,923.600345,move
2,419,575.351645,932.848833,move
2,420,579.154994,942.097321,move
2,421,582.958343,951.345810,move
2,422,586.761692,960.594298,move
2,423,590.565041,969.842786,move
2,424,594.368390,979.091275,move
2,425,598.171739,988.339763,move
2,426,601.975088,992.000000,move
2,427,605.778437,982.751512,move
2,428,609.581786,973.503023,move
2,429,613.385135,964.254535,move
2,430,617.188484,955.006047,move
2,431,620.991833,945.757558,move
2,432,624.795182,936.509070,move
2,433,628.598531,927.260582,move
2,434,632.401880,918.012093,move
2,435,636.205229,908.763605,move
2,436,640.008578,899.515117,move
2,437,643.811927,890.266628,move
2,438,647.615276,881.018140,move
2,439,651.418625,871.769652,move
2,440,655.221974,862.521163,move
2,441,659.025323,853.272675,move
2,442,662.828672,844.024187,move
2,443,666.632021,834.775698,move
2,444,670.435370,825.527210,move
2,445,674.238719,816.278722,move
2,446,678.042068,807.030233,move
2,447,681.845417,797.781745,move
2,448,685.648766,788.533257,move
2,449,689.452115,779.284768,move
3,450,1777.000000,63.000000,wait
3,451,1777.000000,63.000000,wait
3,452,1777.000000,63.000000,wait
3,453,1777.000000,63.000000,wait
3,454,1777.000000,63.000000,wait
3,455,1777.000000,63.000000,wait
3,456,1777.000000,63.000000,wait
3,457,1777.000000,63.000000,wait
3,458,1777.000000,63.000000,wait
3,459,1777.000000,63.000000,wait
3,460,1777.000000,63.000000,wait
3,461,1777.000000,63.000000,wait
3,462,1777.000000,63.000000,wait
3,463,1777.000000,63.000000,wait
3,464,1777.000000,63.000000,wait
3,465,1767.000005,62.989788,move
3,466,1757.000010,62.979576,move
3,467,1747.000016,62.969364,move
3,468,1737.000021,62.959152,move
3,469,1727.000026,62.948940,move
3,470,1717.000031,62.938728,move
3,471,1707.000036,62.928516,move
3,472,1697.000042,62.918304,move
3,473,1687.000047,62.908092,move
3,474,1677.000052,62.897880,move
3,475,1667.000057,62.887668,move
3,476,1657.000063,62.877456,move
3,477,1647.000068,62.867244,move
3,478,1637.000073,62.857032,move
3,479,1627.000078,62.846820,move
3,480,1617.000083,62.836608,move
3,481,1607.000089,62.826396,move
3,482,1597.000094,62.816184,move
3,483,1587.000099,62.805972,move
3,484,1577.000104,62.795760,move
3,485,1567.000109,62.785548,move
3,486,1557.000115,62.775336,move
3,487,1547.000120,62.765124,move
3,488,1537.000125,62.754912,move
3,489,1527.000130,62.744700,move
3,490,1517.000136,62.734488,move
3,491,1507.000141,62.724276,move
3,492,1497.000146,62.714064,move
3,493,1487.000151,62.703852,move
3,494,1477.000156,62.693640,move
3,495,1467.000162,62.683428,move
3,496,1457.000167,62.673216,move
3,497,1447.000172,62.663004,move
3,498,1437.000177,62.652792,move
3,499,1427.000182,62.642580,move
3,500,1417.000188,62.632368,move
3,501,1407.000193,62.622156,move
3,502,1397.000198,62.611944,move
3,503,1387.000203,62.601732,move
3,504,1377.000209,62.591520,move
3,505,1367.000214,62.581308,move
3,506,1357.000219,62.571096,move
3,507,1347.000224,62.560884,move
3,508,1337.000229,62.550672,move
3,509,1327.000235,62.540460,move
3,510,1317.000240,62.530248,move
3,511,1307.000245,62.520036,move
3,512,1297.000250,62.509824,move
3,513,1287.000255,62.499612,move
3,514,1277.000261,62.489400,move
3,515,1267.000266,62.479188,move
3,516,1257.000271,62.468976,move
3,517,1247.000276,62.458764,move
3,518,1237.000282,62.448552,move
3,519,1227.000287,62.438340,move
3,520,1217.000292,62.428128,move
3,521,1207.000297,62.417916,move
3,522,1197.000302,62.407704,move
3,523,1187.000308,62.397492,move
3,524,1177.000313,62.387280,move
3,525,1167.000318,62.377068,move
3,526,1157.000323,62.366856,move
3,527,1147.000328,62.356644,move
3,528,1137.000334,62.346432,move
3,529,1127.000339,62.336220,move
3,530,1117.000344,62.326008,move
3,531,1107.000349,62.315796,move
3,532,1097.000355,62.305584,move
3,533,1087.000360,62.295372,move
3,534,1077.000365,62.285160,move
3,535,1067.000370,62.274948,move
3,536,1057.000375,62.264736,move
3,537,1047.000381,62.254524,move
3,538,1037.000386,62.244312,move
3,539,1027.000391,62.234100,move
3,540,1017.000396,62.223888,move
3,541,1007.000401,62.213676,move
3,542,997.000407,62.203464,move
3,543,987.000412,62.193252,move
3,544,977.000417,62.183040,move
3,545,967.000422,62.172828,move
3,546,957.000428,62.162616,move
3,547,947.000433,62.152404,move
3,548,937.000438,62.142192,move
3,549,927.000443,62.131980,move
3,550,917.000448,62.121768,move
3,551,907.000454,62.111556,move
3,552,897.000459,62.101344,move
3,553,887.000464,62.091132,move
3,554,877.000469,62.080920,move
3,555,867.000474,62.070708,move
3,556,857.000480,62.060496,move
3,557,847.000485,62.050284,move
3,558,837.000490,62.040072,move
3,559,827.000495,62.029860,move
3,560,817.000501,62.019648,move
3,561,807.000506,62.009436,move
3,562,797.000511,61.999224,move
3,563,787.000516,61.989012,move
3,564,777.000521,61.978800,move
3,565,767.000527,61.968588,move
3,566,757.000532,61.958376,move
3,567,747.000537,61.948164,move
3,568,737.000542,61.937952,move
3,569,727.000547,61.927740,move
3,570,717.000553,61.917528,move
3,571,707.000558,61.907316,move
3,572,697.000563,61.897104,move
3,573,687.000568,61.886892,move
3,574,677.000574,61.876680,move
3,575,667.000579,61.866467,move
3,576,657.000584,61.856255,move
3,577,647.000589,61.846043,move
3,578,637.000594,61.835831,move
3,579,627.000600,61.825619,move
3,580,617.000605,61.815407,move
3,581,607.000610,61.805195,move
3,582,597.000615,61.794983,move
3,583,587.000620,61.784771,move
3,584,577.000626,61.774559,move
3,585,567.000631,61.764347,move
3,586,557.000636,61.754135,move
3,587,547.000641,61.743923,move
3,588,537.000647,61.733711,move
3,589,527.000652,61.723499,move
3,590,517.000657,61.713287,move
3,591,507.000662,61.703075,move
3,592,497.000667,61.692863,move
3,593,487.000673,61.682651,move
3,594,477.000678,61.672439,move
3,595,467.000683,61.662227,move
3,596,457.000688,61.652015,move
3,597,447.000693,61.641803,move
3,598,437.000699,61.631591,move
3,599,427.000704,61.621379,move
4,600,43.000000,936.000000,wait
4,601,43.000000,936.000000,wait
4,602,43.000000,936.000000,wait
4,603,43.000000,936.000000,wait
4,604,43.000000,936.000000,wait
4,605,43.000000,936.000000,wait
4,606,43.000000,936.000000,wait
4,607,43.000000,936.000000,wait
4,608,43.000000,936.000000,wait
4,609,43.000000,936.000000,wait
4,610,43.000000,936.000000,wait
4,611,43.000000,936.000000,wait
4,612,43.000000,936.000000,wait
4,613,43.000000,936.000000,wait
4,614,43.000000,936.000000,wait
4,615,35.519381,929.363710,move
4,616,28.038763,922.727420,move
4,617,20.558144,916.091130,move
4,618,13.077525,909.454840,move
4,619,8.000000,902.818550,move
4,620,15.480619,896.182260,move
4,621,22.961237,889.545970,move
4,622,30.441856,882.909680,move
4,623,37.922475,876.273390,move
4,624,45.403093,869.637100,move
4,625,52.883712,863.000810,move
4,626,60.364330,856.364520,move
4,627,67.844949,849.728230,move
4,628,75.325568,843.091940,move
4,629,82.806186,836.455650,move
4,630,90.286805,829.819360,move
4,631,97.767424,823.183070,move
4,632,105.248042,816.546780,move
4,633,112.728661,809.910490,move
4,634,120.209280,803.274200,move
4,635,127.689898,796.637910,move
4,636,135.170517,790.001620,move
4,637,142.651136,783.365330,move
4,638,150.131754,776.729040,move
4,639,157.612373,770.092750,move
4,640,165.092991,763.456460,move
4,641,172.573610,756.820170,move
4,642,180.054229,750.183880,move
4,643,187.534847,743.547590,move
4,644,195.015466,736.911300,move
4,645,202.496085,730.275010,move
4,646,209.976703,723.638720,move
4,647,217.457322,717.002430,move
4,648,224.937941,710.366140,move
4,649,232.418559,703.729850,move
4,650,239.899178,697.093561,move
4,651,247.379796,690.457271,move
4,652,254.860415,683.820981,move
4,653,262.341034,677.184691,move
4,654,269.821652,670.548401,move
4,655,277.302271,663.912111,move
4,656,284.782890,657.275821,move
4,657,292.263508,650.639531,move
4,658,299.744127,644.003241,move
4,659,307.224746,637.366951,move
4,660,314.705364,630.730661,move
4,661,322.185983,624.094371,move
4,662,329.666601,617.458081,move
4,663,337.147220,610.821791,move
4,664,344.627839,604.185501,move
4,665,352.108457,597.549211,move
4,666,359.589076,590.912921,move
4,667,367.069695,584.276631,move
4,668,374.550313,577.640341,move
4,669,382.030932,571.004051,move
4,670,389.511551,564.367761,move
4,671,396.992169,557.731471,move
4,672,404.472788,551.095181,move
4,673,411.953407,544.458891,move
4,674,419.434025,537.822601,move
4,675,426.914644,531.186311,move
4,676,434.395262,524.550021,move
4,677,441.875881,517.913731,move
4,678,449.356500,511.277441,move
4,679,456.837118,504.641151,move
4,680,464.317737,498.004861,move
4,681,471.798356,491.368571,move
4,682,479.278974,484.732281,move
4,683,486.759593,478.095991,move
4,684,494.240212,471.459701,move
4,685,501.720830,464.823411,move
4,686,509.201449,458.187121,move
4,687,516.682067,451.550831,move
4,688,524.162686,444.914541,move
4,689,531.643305,438.278251,move
4,690,539.123923,431.641961,move
4,691,546.604542,425.005671,move
4,692,554.085161,418.369381,move
4,693,561.565779,411.733091,move
4,694,569.046398,405.096801,move
4,695,576.527017,398.460511,move
4,696,584.007635,391.824221,move
4,697,591.488254,385.187931,move
4,698,598.968872,378.551641,move
4,699,606.449491,371.915351,move
4,700,613.930110,365.279061,move
4,701,621.410728,358.642771,move
4,702,628.891347,352.006481,move
4,703,636.371966,345.370191,move
4,704,643.852584,338.733901,move
4,705,651.333203,332.097611,move
4,706,658.813822,325.461321,move
4,707,666.294440,318.825031,move
4,708,673.775059,312.188741,move
4,709,681.255678,305.552451,move
4,710,688.736296,298.916161,move
4,711,696.216915,292.279871,move
4,712,703.697533,285.643581,move
4,713,711.178152,279.007291,move
4,714,718.658771,272.371001,move
4,715,726.139389,265.734711,move
4,716,733.620008,259.098421,move
4,717,741.100627,252.462131,move
4,718,748.581245,245.825841,move
4,719,756.061864,239.189551,move
4,720,763.542483,232.553262,move
4,721,771.023101,225.916972,move
4,722,778.503720,219.280682,move
4,723,785.984338,212.644392,move
4,724,793.464957,206.008102,move
4,725,800.945576,199.371812,move
4,726,808.426194,192.735522,move
4,727,815.906813,186.099232,move
4,728,823.387432,179.462942,move
4,729,830.868050,172.826652,move
4,730,838.348669,166.190362,move
4,731,845.829288,159.554072,move
4,732,853.309906,152.917782,move
4,733,860.790525,146.281492,move
4,734,868.271144,139.645202,move
4,735,875.751762,133.008912,move
4,736,883.232381,126.372622,move
4,737,890.712999,119.736332,move
4,738,898.193618,113.100042,move
4,739,905.674237,106.463752,move
4,740,913.154855,99.827462,move
4,741,920.635474,93.191172,move
4,742,928.116093,86.554882,move
4,743,935.596711,79.918592,move
4,744,943.077330,73.282302,move
4,745,950.557949,66.646012,move
4,746,958.038567,60.009722,move
4,747,965.519186,53.373432,move
4,748,972.999804,46.737142,move
4,749,980.480423,40.100852,move
5,750,50.000000,39.000000,wait
5,751,50.000000,39.000000,wait
5,752,50.000000,39.000000,wait
5,753,50.000000,39.000000,wait
5,754,50.000000,39.000000,wait
5,755,50.000000,39.000000,wait
5,756,50.000000,39.000000,wait
5,757,50.000000,39.000000,wait
5,758,50.000000,39.000000,wait
5,759,50.000000,39.000000,wait
5,760,50.000000,39.000000,wait
5,761,50.000000,39.000000,wait
5,762,50.000000,39.000000,wait
5,763,50.000000,39.000000,wait
5,764,50.000000,39.000000,wait
5,765,57.827970,45.222772,move
5,766,65.655940,51.445543,move
5,767,73.483910,57.668315,move
5,768,81.311880,63.891086,move
5,769,89.139850,70.113858,move
5,770,96.967820,76.336630,move
5,771,104.795790,82.559401,move
5,772,112.623760,88.782173,move
5,773,120.451730,95.004944,move
5,774,128.279700,101.227716,move
5,775,136.107670,107.450488,move
5,776,143.935640,113.673259,move
5,777,151.763609,119.896031,move
5,778,159.591579,126.118802,move
5,779,167.419549,132.341574,move
5,780,175.247519,138.564346,move
5,781,183.075489,144.787117,move
5,782,190.903459,151.009889,move
5,783,198.731429,157.232660,move
5,784,206.559399,163.455432,move
5,785,214.387369,169.678203,move
5,786,222.215339,175.900975,move
5,787,230.043309,182.123747,move
5,788,237.871279,188.346518,move
5,789,245.699249,194.569290,move
5,790,253.527219,200.792061,move
5,791,261.355189,207.014833,move
5,792,269.183159,213.237605,move
5,793,277.011129,219.460376,move
5,794,284.839099,225.683148,move
5,795,292.667069,231.905919,move
5,796,300.495039,238.128691,move
5,797,308.323009,244.351463,move
5,798,316.150979,250.574234,move
5,799,323.978949,256.797006,move
5,800,331.806919,263.019777,move
5,801,339.634888,269.242549,move
5,802,347.462858,275.465321,move
5,803,355.290828,281.688092,move
5,804,363.118798,287.910864,move
5,805,370.946768,294.133635,move
5,806,378.774738,300.356407,move
5,807,386.602708,306.579179,move
5,808,394.430678,312.801950,move
5,809,402.258648,319.024722,move
5,810,410.086618,325.247493,move
5,811,417.914588,331.470265,move
5,812,425.742558,337.693037,move
5,813,433.570528,343.915808,move
5,814,441.398498,350.138580,move
5,815,449.226468,356.361351,move
5,816,457.054438,362.584123,move
5,817,464.882408,368.806895,move
5,818,472.710378,375.029666,move
5,819,480.538348,381.252438,move
5,820,488.366318,387.475209,move
5,821,496.194288,393.697981,move
5,822,504.022258,399.920752,move
5,823,511.850228,406.143524,move
5,824,519.678198,412.366296,move
5,825,527.506168,418.589067,move
5,826,535.334137,424.811839,move
5,827,543.162107,431.034610,move
5,828,550.990077,437.257382,move
5,829,558.818047,443.480154,move
5,830,566.646017,449.702925,move
5,831,574.473987,455.925697,move
5,832,582.301957,462.148468,move
5,833,590.129927,468.371240,move
5,834,597.957897,474.594012,move
5,835,605.785867,480.816783,move
5,836,613.613837,487.039555,move
5,837,621.441807,493.262326,move
5,838,629.269777,499.485098,move
5,839,637.097747,505.707870,move
5,840,644.925717,511.930641,move
5,841,652.753687,518.153413,move
5,842,660.581657,524.376184,move
5,843,668.409627,530.598956,move
5,844,676.237597,536.821728,move
5,845,684.065567,543.044499,move
5,846,691.893537,549.267271,move
5,847,699.721507,555.490042,move
5,848,707.549477,561.712814,move
5,849,715.377447,567.935586,move
5,850,723.205416,574.158357,move
5,851,731.033386,580.381129,move
5,852,738.861356,586.603900,move
5,853,746.689326,592.826672,move
5,854,754.517296,599.049444,move
5,855,762.345266,605.272215,move
5,856,770.173236,611.494987,move
5,857,778.001206,617.717758,move
5,858,785.829176,623.940530,move
5,859,793.657146,630.163301,move
5,860,801.485116,636.386073,move
5,861,809.313086,642.608845,move
5,862,817.141056,648.831616,move
5,863,824.969026,655.054388,move
5,864,832.796996,661.277159,move
5,865,840.624966,667.499931,move
5,866,848.452936,673.722703,move
5,867,856.280906,679.945474,move
5,868,864.108876,686.168246,move
5,869,871.936846,692.391017,move
5,870,879.764816,698.613789,move
5,871,887.592786,704.836561,move
5,872,895.420756,711.059332,move
5,873,903.248726,717.282104,move
5,874,911.076696,723.504875,move
5,875,918.904665,729.727647,move
5,876,926.732635,735.950419,move
5,877,934.560605,742.173190,move
5,878,942.388575,748.395962,move
5,879,950.216545,754.618733,move
5,880,958.044515,760.841505,move
5,881,965.872485,767.064277,move
5,882,973.700455,773.287048,move
5,883,981.528425,779.509820,move
5,884,989.356395,785.732591,move
5,885,997.184365,791.955363,move
5,886,1005.012335,798.178135,move
5,887,1012.840305,804.400906,move
5,888,1020.668275,810.623678,move
5,889,1028.496245,816.846449,move
5,890,1036.324215,823.069221,move
5,891,1044.152185,829.291993,move
5,892,1051.980155,835.514764,move
5,893,1059.808125,841.737536,move
5,894,1067.636095,847.960307,move
5,895,1075.464065,854.183079,move
5,896,1083.292035,860.405850,move
5,897,1091.120005,866.628622,move
5,898,1098.947975,872.851394,move
5,899,1106.775944,879.074165,move
6,900,73.000000,30.000000,wait
6,901,73.000000,30.000000,wait
6,902,73.000000,30.000000,wait
6,903,73.000000,30.000000,wait
6,904,73.000000,30.000000,wait
6,905,73.000000,30.000000,wait
6,906,73.000000,30.000000,wait
6,907,73.000000,30.000000,wait
6,908,73.000000,30.000000,wait
6,909,73.000000,30.000000,wait
6,910,73.000000,30.000000,wait
6,911,73.000000,30.000000,wait
6,912,73.000000,30.000000,wait
6,913,73.000000,30.000000,wait
6,914,73.000000,30.000000,wait
6,915,77.844164,38.748376,move
6,916,82.688328,47.496751,move
6,917,87.532492,56.245127,move
6,918,92.376656,64.993502,move
6,919,97.220820,73.741878,move
6,920,102.064984,82.490253,move
6,921,106.909148,91.238629,move
6,922,111.753312,99.987004,move
6,923,116.597476,108.735380,move
6,924,121.441640,117.483756,move
6,925,126.285804,126.232131,move
6,926,131.129968,134.980507,move
6,927,135.974132,143.728882,move
6,928,140.818296,152.477258,move
6,929,145.662461,161.225633,move
6,930,150.506625,169.974009,move
6,931,155.350789,178.722384,move
6,932,160.194953,187.470760,move
6,933,165.039117,196.219136,move
6,934,169.883281,204.967511,move
6,935,174.727445,213.715887,move
6,936,179.571609,222.464262,move
6,937,184.415773,231.212638,move
6,938,189.259937,239.961013,move
6,939,194.104101,248.709389,move
6,940,198.948265,257.457764,move
6,941,203.792429,266.206140,move
6,942,208.636593,274.954515,move
6,943,213.480757,283.702891,move
6,944,218.324921,292.451267,move
6,945,223.169085,301.199642,move
6,946,228.013249,309.948018,move
6,947,232.857413,318.696393,move
6,948,237.701577,327.444769,move
6,949,242.545741,336.193144,move
6,950,247.389905,344.941520,move
6,951,252.234069,353.689895,move
6,952,257.078233,362.438271,move
6,953,261.922397,371.186647,move
6,954,266.766561,379.935022,move
6,955,271.610725,388.683398,move
6,956,276.454889,397.431773,move
6,957,281.299053,406.180149,move
6,958,286.143217,414.928524,move
6,959,290.987382,423.676900,move
6,960,295.831546,432.425275,move
6,961,300.675710,441.173651,move
6,962,305.519874,449.922027,move
6,963,310.364038,458.670402,move
6,964,315.208202,467.418778,move
6,965,320.052366,476.167153,move
6,966,324.896530,484.915529,move
6,967,329.740694,493.663904,move
6,968,334.584858,502.412280,move
6,969,339.429022,511.160655,move
6,970,344.273186,519.909031,move
6,971,349.117350,528.657407,move
6,972,353.961514,537.405782,move
6,973,358.805678,546.154158,move
6,974,363.649842,554.902533,move
6,975,368.494006,563.650909,move
6,976,373.338170,572.399284,move
6,977,378.182334,581.147660,move
6,978,383.026498,589.896035,move
6,979,387.870662,598.644411,move
6,980,392.714826,607.392786,move
6,981,397.558990,616.141162,move
6,982,402.403154,624.889538,move
6,983,407.247318,633.637913,move
6,984,412.091482,642.386289,move
6,985,416.935646,651.134664,move
6,986,421.779810,659.883040,move
6,987,426.623974,668.631415,move
6,988,431.468139,677.379791,move
6,989,436.312303,686.128166,move
6,990,441.156467,694.876542,move
6,991,446.000631,703.624918,move
6,992,450.844795,712.373293,move
6,993,455.688959,721.121669,move
6,994,460.533123,729.870044,move
6,995,465.377287,738.618420,move
6,996,470.221451,747.366795,move
6,997,475.065615,756.115171,move
6,998,479.909779,764.863546,move
6,999,484.753943,773.611922,move
6,1000,489.598107,782.360298,move
6,1001,494.442271,791.108673,move
6,1002,499.286435,799.857049,move
6,1003,504.130599,808.605424,move
6,1004,508.974763,817.353800,move
6,1005,513.818927,826.102175,move
6,1006,518.663091,834.850551,move
6,1007,523.507255,843.598926,move
6,1008,528.351419,852.347302,move
6,1009,533.195583,861.095678,move
6,1010,538.039747,869.844053,move
6,1011,542.883911,878.592429,move
6,1012,547.728075,887.340804,move
6,1013,552.572239,896.089180,move
6,1014,557.416403,904.837555,move
6,1015,562.260567,913.585931,move
6,1016,567.104731,922.334306,move
6,1017,571.948895,931.082682,move
6,1018,576.793060,939.831057,move
6,1019,581.637224,948.579433,move
6,1020,586.481388,957.327809,move
6,1021,591.325552,966.076184,move
6,1022,596.169716,974.824560,move
6,1023,601.013880,983.572935,move
6,1024,605.858044,992.000000,move
6,1025,610.702208,983.251624,move
6,1026,615.546372,974.503249,move
6,1027,620.390536,965.754873,move
6,1028,625.234700,957.006498,move
6,1029,630.078864,948.258122,move
6,1030,634.923028,939.509747,move
6,1031,639.767192,930.761371,move
6,1032,644.611356,922.012996,move
6,1033,649.455520,913.264620,move
6,1034,654.299684,904.516244,move
6,1035,659.143848,895.767869,move
6,1036,663.988012,887.019493,move
6,1037,668.832176,878.271118,move
6,1038,673.676340,869.522742,move
6,1039,678.520504,860.774367,move
6,1040,683.364668,852.025991,move
6,1041,688.208832,843.277616,move
6,1042,693.052996,834.529240,move
6,1043,697.897160,825.780864,move
6,1044,702.741324,817.032489,move
6,1045,707.585488,808.284113,move
6,1046,712.429652,799.535738,move
6,1047,717.273817,790.787362,move
6,1048,722.117981,782.038987,move
6,1049,726.962145,773.290611,move
7,1050,1697.000000,950.000000,wait
7,1051,1697.000000,950.000000,wait
7,1052,1697.000000,950.000000,wait
7,1053,1697.000000,950.000000,wait
7,1054,1697.000000,950.000000,wait
7,1055,1697.000000,950.000000,wait
7,1056,1697.000000,950.000000,wait
7,1057,1697.000000,950.000000,wait
7,1058,1697.000000,950.000000,wait
7,1059,1697.000000,950.000000,wait
7,1060,1697.000000,950.000000,wait
7,1061,1697.000000,950.000000,wait
7,1062,1697.000000,950.000000,wait
7,1063,1697.000000,950.000000,wait
7,1064,1697.000000,950.000000,wait
7,1065,1697.786054,940.030942,move
7,1066,1698.572107,930.061884,move
7,1067,1699.358161,920.092826,move
7,1068,1700.144214,910.123768,move
7,1069,1700.930268,900.154709,move
7,1070,1701.716322,890.185651,move
7,1071,1702.502375,880.216593,move
7,1072,1703.288429,870.247535,move
7,1073,1704.074482,860.278477,move
7,1074,1704.860536,850.309419,move
7,1075,1705.646589,840.340361,move
7,1076,1706.432643,830.371303,move
7,1077,1707.218697,820.402244,move
7,1078,1708.004750,810.433186,move
7,1079,1708.790804,800.464128,move
7,1080,1709.576857,790.495070,move
7,1081,1710.362911,780.526012,move
7,1082,1711.148965,770.556954,move
7,1083,1711.935018,760.587896,move
7,1084,1712.721072,750.618838,move
7,1085,1713.507125,740.649780,move
7,1086,1714.293179,730.680721,move
7,1087,1715.079233,720.711663,move
7,1088,1715.865286,710.742605,move
7,1089,1716.651340,700.773547,move
7,1090,1717.437393,690.804489,move
7,1091,1718.223447,680.835431,move
7,1092,1719.009500,670.866373,move
7,1093,1719.795554,660.897315,move
7,1094,1720.581608,650.928256,move
7,1095,1721.367661,640.959198,move
7,1096,1722.153715,630.990140,move
7,1097,1722.939768,621.021082,move
7,1098,1723.725822,611.052024,move
7,1099,1724.511876,601.082966,move
7,1100,1725.297929,591.113908,move
7,1101,1726.083983,581.144850,move
7,1102,1726.870036,571.175792,move
7,1103,1727.656090,561.206733,move
7,1104,1728.442144,551.237675,move
7,1105,1729.228197,541.268617,move
7,1106,1730.014251,531.299559,move
7,1107,1730.800304,521.330501,move
7,1108,1731.586358,511.361443,move
7,1109,1732.372411,501.392385,move
7,1110,1733.158465,491.423327,move
7,1111,1733.944519,481.454268,move
7,1112,1734.730572,471.485210,move
7,1113,1735.516626,461.516152,move
7,1114,1736.302679,451.547094,move
7,1115,1737.088733,441.578036,move
7,1116,1737.874787,431.608978,move
7,1117,1738.660840,421.639920,move
7,1118,1739.446894,411.670862,move
7,1119,1740.232947,401.701804,move
7,1120,1741.019001,391.732745,move
7,1121,1741.805055,381.763687,move
7,1122,1742.591108,371.794629,move
7,1123,1743.377162,361.825571,move
7,1124,1744.163215,351.856513,move
7,1125,1744.949269,341.887455,move
7,1126,1745.735322,331.918397,move
7,1127,1746.521376,321.949339,move
7,1128,1747.307430,311.980280,move
7,1129,1748.093483,302.011222,move
7,1130,1748.879537,292.042164,move
7,1131,1749.665590,282.073106,move
7,1132,1750.451644,272.104048,move
7,1133,1751.237698,262.134990,move
7,1134,1752.023751,252.165932,move
7,1135,1752.809805,242.196874,move
7,1136,1753.595858,232.227816,move
7,1137,1754.381912,222.258757,move
7,1138,1755.167966,212.289699,move
7,1139,1755.954019,202.320641,move
7,1140,1756.740073,192.351583,move
7,1141,1757.526126,182.382525,move
7,1142,1758.312180,172.413467,move
7,1143,1759.098233,162.444409,move
7,1144,1759.884287,152.475351,move
7,1145,1760.670341,142.506292,move
7,1146,1761.456394,132.537234,move
7,1147,1762.242448,122.568176,move
7,1148,1763.028501,112.599118,move
7,1149,1763.814555,102.630060,move
7,1150,1764.600609,92.661002,move
7,1151,1765.386662,82.691944,move
7,1152,1766.172716,72.722886,move
7,1153,1766.958769,62.753828,move
7,1154,1767.744823,52.784769,move
7,1155,1768.530877,42.815711,move
7,1156,1769.316930,32.846653,move
7,1157,1770.102984,22.877595,move
7,1158,1770.889037,12.908537,move
7,1159,1771.675091,8.000000,move
7,1160,1772.461144,17.969058,move
7,1161,1773.247198,27.938116,move
7,1162,1774.033252,37.907174,move
7,1163,1774.819305,47.876232,move
7,1164,1775.605359,57.845291,move
7,1165,1776.391412,67.814349,move
7,1166,1777.177466,77.783407,move
7,1167,1777.963520,87.752465,move
7,1168,1778.749573,97.721523,move
7,1169,1779.535627,107.690581,move
7,1170,1780.321680,117.659639,move
7,1171,1781.107734,127.628697,move
7,1172,1781.893787,137.597756,move
7,1173,1782.679841,147.566814,move
7,1174,1783.465895,157.535872,move
7,1175,1784.251948,167.504930,move
7,1176,1785.038002,177.473988,move
7,1177,1785.824055,187.443046,move
7,1178,1786.610109,197.412104,move
7,1179,1787.396163,207.381162,move
7,1180,1788.182216,217.350220,move
7,1181,1788.968270,227.319279,move
7,1182,1789.754323,237.288337,move
7,1183,1790.540377,247.257395,move
7,1184,1791.326431,257.226453,move
7,1185,1792.112484,267.195511,move
7,1186,1792.898538,277.164569,move
7,1187,1793.684591,287.133627,move
7,1188,1794.470645,297.102685,move
7,1189,1795.256698,307.071744,move
7,1190,1796.042752,317.040802,move
7,1191,1796.828806,327.009860,move
7,1192,1797.614859,336.978918,move
7,1193,1798.400913,346.947976,move
7,1194,1799.186966,356.917034,move
7,1195,1799.973020,366.886092,move
7,1196,1800.759074,376.855150,move
7,1197,1801.545127,386.824208,move
7,1198,1802.331181,396.793267,move
7,1199,1803.117234,406.762325,move
8,1200,1695.000000,905.000000,wait
8,1201,1695.000000,905.000000,wait
8,1202,1695.000000,905.000000,wait
8,1203,1695.000000,905.000000,wait
8,1204,1695.000000,905.000000,wait
8,1205,1695.000000,905.000000,wait
8,1206,1695.000000,905.000000,wait
8,1207,1695.000000,905.000000,wait
8,1208,1695.000000,905.000000,wait
8,1209,1695.000000,905.000000,wait
8,1210,1695.000000,905.000000,wait
8,1211,1695.000000,905.000000,wait
8,1212,1695.000000,905.000000,wait
8,1213,1695.000000,905.000000,wait
8,1214,1695.000000,905.000000,wait
8,1215,1692.227967,895.391887,move
8,1216,1689.455934,885.783774,move
8,1217,1686.683900,876.175662,move
8,1218,1683.911867,866.567549,move
8,1219,1681.139834,856.959436,move
8,1220,1678.367801,847.351323,move
8,1221,1675.595768,837.743210,move
8,1222,1672.823735,828.135097,move
8,1223,1670.051701,818.526985,move
8,1224,1667.279668,808.918872,move
8,1225,1664.507635,799.310759,move
8,1226,1661.735602,789.702646,move
8,1227,1658.963569,780.094533,move
8,1228,1656.191536,770.486420,move
8,1229,1653.419502,760.878308,move
8,1230,1650.647469,751.270195,move
8,1231,1647.875436,741.662082,move
8,1232,1645.103403,732.053969,move
8,1233,1642.331370,722.445856,move
8,1234,1639.559337,712.837743,move
8,1235,1636.787303,703.229631,move
8,1236,1634.015270,693.621518,move
8,1237,1631.243237,684.013405,move
8,1238,1628.471204,674.405292,move
8,1239,1625.699171,664.797179,move
8,1240,1622.927138,655.189067,move
8,1241,1620.155104,645.580954,move
8,1242,1617.383071,635.972841,move
8,1243,1614.611038,626.364728,move
8,1244,1611.839005,616.756615,move
8,1245,1609.066972,607.148502,move
8,1246,1606.294938,597.540390,move
8,1247,1603.522905,587.932277,move
8,1248,1600.750872,578.324164,move
8,1249,1597.978839,568.716051,move
8,1250,1595.206806,559.107938,move
8,1251,1592.434773,549.499825,move
8,1252,1589.662739,539.891713,move
8,1253,1586.890706,530.283600,move
8,1254,1584.118673,520.675487,move
8,1255,1581.346640,511.067374,move
8,1256,1578.574607,501.459261,move
8,1257,1575.802574,491.851148,move
8,1258,1573.030540,482.243036,move
8,1259,1570.258507,472.634923,move
8,1260,1567.486474,463.026810,move
8,1261,1564.714441,453.418697,move
8,1262,1561.942408,443.810584,move
8,1263,1559.170375,434.202471,move
8,1264,1556.398341,424.594359,move
8,1265,1553.626308,414.986246,move
8,1266,1550.854275,405.378133,move
8,1267,1548.082242,395.770020,move
8,1268,1545.310209,386.161907,move
8,1269,1542.538175,376.553795,move
8,1270,1539.766142,366.945682,move
8,1271,1536.994109,357.337569,move
8,1272,1534.222076,347.729456,move
8,1273,1531.450043,338.121343,move
8,1274,1528.678010,328.513230,move
8,1275,1525.905976,318.905118,move
8,1276,1523.133943,309.297005,move
8,1277,1520.361910,299.688892,move
8,1278,1517.589877,290.080779,move
8,1279,1514.817844,280.472666,move
8,1280,1512.045811,270.864553,move
8,1281,1509.273777,261.256441,move
8,1282,1506.501744,251.648328,move
8,1283,1503.729711,242.040215,move
8,1284,1500.957678,232.432102,move
8,1285,1498.185645,222.823989,move
8,1286,1495.413612,213.215876,move
8,1287,1492.641578,203.607764,move
8,1288,1489.869545,193.999651,move
8,1289,1487.097512,184.391538,move
8,1290,1484.325479,174.783425,move
8,1291,1481.553446,165.175312,move
8,1292,1478.781413,155.567200,move
8,1293,1476.009379,145.959087,move
8,1294,1473.237346,136.350974,move
8,1295,1470.465313,126.742861,move
8,1296,1467.693280,117.134748,move
8,1297,1464.921247,107.526635,move
8,1298,1462.149213,97.918523,move
8,1299,1459.377180,88.310410,move
8,1300,1456.605147,78.702297,move
8,1301,1453.833114,69.094184,move
8,1302,1451.061081,59.486071,move
8,1303,1448.289048,49.877958,move
8,1304,1445.517014,40.269846,move
8,1305,1442.744981,30.661733,move
8,1306,1439.972948,21.053620,move
8,1307,1437.200915,11.445507,move
8,1308,1434.428882,8.000000,move
8,1309,1431.656849,17.608113,move
8,1310,1428.884815,27.216226,move
8,1311,1426.112782,36.824338,move
8,1312,1423.340749,46.432451,move
8,1313,1420.568716,56.040564,move
8,1314,1417.796683,65.648677,move
8,1315,1415.024650,75.256790,move
8,1316,1412.252616,84.864903,move
8,1317,1409.480583,94.473015,move
8,1318,1406.708550,104.081128,move
8,1319,1403.936517,113.689241,move
8,1320,1401.164484,123.297354,move
8,1321,1398.392450,132.905467,move
8,1322,1395.620417,142.513580,move
8,1323,1392.848384,152.121692,move
8,1324,1390.076351,161.729805,move
8,1325,1387.304318,171.337918,move
8,1326,1384.532285,180.946031,move
8,1327,1381.760251,190.554144,move
8,1328,1378.988218,200.162257,move
8,1329,1376.216185,209.770369,move
8,1330,1373.444152,219.378482,move
8,1331,1370.672119,228.986595,move
8,1332,1367.900086,238.594708,move
8,1333,1365.128052,248.202821,move
8,1334,1362.356019,257.810933,move
8,1335,1359.583986,267.419046,move
8,1336,1356.811953,277.027159,move
8,1337,1354.039920,286.635272,move
8,1338,1351.267887,296.243385,move
8,1339,1348.495853,305.851498,move
8,1340,1345.723820,315.459610,move
8,1341,1342.951787,325.067723,move
8,1342,1340.179754,334.675836,move
8,1343,1337.407721,344.283949,move
8,1344,1334.635688,353.892062,move
8,1345,1331.863654,363.500175,move
8,1346,1329.091621,373.108287,move
8,1347,1326.319588,382.716400,move
8,1348,1323.547555,392.324513,move
8,1349,1320.775522,401.932626,move
9,1350,1852.000000,75.000000,wait
9,1351,1852.000000,75.000000,wait
9,1352,1852.000000,75.000000,wait
9,1353,1852.000000,75.000000,wait
9,1354,1852.000000,75.000000,wait
9,1355,1852.000000,75.000000,wait
9,1356,1852.000000,75.000000,wait
9,1357,1852.000000,75.000000,wait
9,1358,1852.000000,75.000000,wait
9,1359,1852.000000,75.000000,wait
9,1360,1852.000000,75.000000,wait
9,1361,1852.000000,75.000000,wait
9,1362,1852.000000,75.000000,wait
9,1363,1852.000000,75.000000,wait
9,1364,1852.000000,75.000000,wait
9,1365,1843.479937,80.235315,move
9,1366,1834.959874,85.470630,move
9,1367,1826.439811,90.705945,move
9,1368,1817.919748,95.941261,move
9,1369,1809.399684,101.176576,move
9,1370,1800.879621,106.411891,move
9,1371,1792.359558,111.647206,move
9,1372,1783.839495,116.882521,move
9,1373,1775.319432,122.117836,move
9,1374,1766.799369,127.353151,move
9,1375,1758.279306,132.588466,move
9,1376,1749.759243,137.823782,move
9,1377,1741.239180,143.059097,move
9,1378,1732.719116,148.294412,move
9,1379,1724.199053,153.529727,move
9,1380,1715.678990,158.765042,move
9,1381,1707.158927,164.000357,move
9,1382,1698.638864,169.235672,move
9,1383,1690.118801,174.470988,move
9,1384,1681.598738,179.706303,move
9,1385,1673.078675,184.941618,move
9,1386,1664.558612,190.176933,move
9,1387,1656.038548,195.412248,move
9,1388,1647.518485,200.647563,move
9,1389,1638.998422,205.882878,move
9,1390,1630.478359,211.118194,move
9,1391,1621.958296,216.353509,move
9,1392,1613.438233,221.588824,move
9,1393,1604.918170,226.824139,move
9,1394,1596.398107,232.059454,move
9,1395,1587.878044,237.294769,move
9,1396,1579.357980,242.530084,move
9,1397,1570.837917,247.765399,move
9,1398,1562.317854,253.000715,move
9,1399,1553.797791,258.236030,move
9,1400,1545.277728,263.471345,move
9,1401,1536.757665,268.706660,move
9,1402,1528.237602,273.941975,move
9,1403,1519.717539,279.177290,move
9,1404,1511.197476,284.412605,move
9,1405,1502.677412,289.647921,move
9,1406,1494.157349,294.883236,move
9,1407,1485.637286,300.118551,move
9,1408,1477.117223,305.353866,move
9,1409,1468.597160,310.589181,move
9,1410,1460.077097,315.824496,move
9,1411,1451.557034,321.059811,move
9,1412,1443.036971,326.295126,move
9,1413,1434.516907,331.530442,move
9,1414,1425.996844,336.765757,move
9,1415,1417.476781,342.001072,move
9,1416,1408.956718,347.236387,move
9,1417,1400.436655,352.471702,move
9,1418,1391.916592,357.707017,move
9,1419,1383.396529,362.942332,move
9,1420,1374.876466,368.177648,move
9,1421,1366.356403,373.412963,move
9,1422,1357.836339,378.648278,move
9,1423,1349.316276,383.883593,move
9,1424,1340.796213,389.118908,move
9,1425,1332.276150,394.354223,move
9,1426,1323.756087,399.589538,move
9,1427,1315.236024,404.824853,move
9,1428,1306.715961,410.060169,move
9,1429,1298.195898,415.295484,move
9,1430,1289.675835,420.530799,move
9,1431,1281.155771,425.766114,move
9,1432,1272.635708,431.001429,move
9,1433,1264.115645,436.236744,move
9,1434,1255.595582,441.472059,move
9,1435,1247.075519,446.707375,move
9,1436,1238.555456,451.942690,move
9,1437,1230.035393,457.178005,move
9,1438,1221.515330,462.413320,move
9,1439,1212.995267,467.648635,move
9,1440,1204.475203,472.883950,move
9,1441,1195.955140,478.119265,move
9,1442,1187.435077,483.354581,move
9,1443,1178.915014,488.589896,move
9,1444,1170.394951,493.825211,move
9,1445,1161.874888,499.060526,move
9,1446,1153.354825,504.295841,move
9,1447,1144.834762,509.531156,move
9,1448,1136.314699,514.766471,move
9,1449,1127.794635,520.001786,move
9,1450,1119.274572,525.237102,move
9,1451,1110.754509,530.472417,move
9,1452,1102.234446,535.707732,move
9,1453,1093.714383,540.943047,move
9,1454,1085.194320,546.178362,move
9,1455,1076.674257,551.413677,move
9,1456,1068.154194,556.648992,move
9,1457,1059.634131,561.884308,move
9,1458,1051.114067,567.119623,move
9,1459,1042.594004,572.354938,move
9,1460,1034.073941,577.590253,move
9,1461,1025.553878,582.825568,move
9,1462,1017.033815,588.060883,move
9,1463,1008.513752,593.296198,move
9,1464,999.993689,598.531513,move
9,1465,991.473626,603.766829,move
9,1466,982.953563,609.002144,move
9,1467,974.433499,614.237459,move
9,1468,965.913436,619.472774,move
9,1469,957.393373,624.708089,move
9,1470,948.873310,629.943404,move
9,1471,940.353247,635.178719,move
9,1472,931.833184,640.414035,move
9,1473,923.313121,645.649350,move
9,1474,914.793058,650.884665,move
9,1475,906.272995,656.119980,move
9,1476,897.752931,661.355295,move
9,1477,889.232868,666.590610,move
9,1478,880.712805,671.825925,move
9,1479,872.192742,677.061241,move
9,1480,863.672679,682.296556,move
9,1481,855.152616,687.531871,move
9,1482,846.632553,692.767186,move
9,1483,838.112490,698.002501,move
9,1484,829.592427,703.237816,move
9,1485,821.072363,708.473131,move
9,1486,812.552300,713.708446,move
9,1487,804.032237,718.943762,move
9,1488,795.512174,724.179077,move
9,1489,786.992111,729.414392,move
9,1490,778.472048,734.649707,move
9,1491,769.951985,739.885022,move
9,1492,761.431922,745.120337,move
9,1493,752.911859,750.355652,move
9,1494,744.391795,755.590968,move
9,1495,735.871732,760.826283,move
9,1496,727.351669,766.061598,move
9,1497,718.831606,771.296913,move
9,1498,710.311543,776.532228,move
9,1499,701.791480,781.767543,move
10,1500,31.000000,290.000000,wait
10,1501,31.000000,290.000000,wait
10,1502,31.000000,290.000000,wait
10,1503,31.000000,290.000000,wait
10,1504,31.000000,290.000000,wait
10,1505,31.000000,290.000000,wait
10,1506,31.000000,290.000000,wait
10,1507,31.000000,290.000000,wait
10,1508,31.000000,290.000000,wait
10,1509,31.000000,290.000000,wait
10,1510,31.000000,290.000000,wait
10,1511,31.000000,290.000000,wait
10,1512,31.000000,290.000000,wait
10,1513,31.000000,290.000000,wait
10,1514,31.000000,290.000000,wait
10,1515,26.623020,281.008780,move
10,1516,22.246039,272.017559,move
10,1517,17.869059,263.026339,move
10,1518,13.492078,254.035119,move
10,1519,9.115098,245.043899,move
10,1520,8.000000,236.052678,move
10,1521,12.376980,227.061458,move
10,1522,16.753961,218.070238,move
10,1523,21.130941,209.079018,move
10,1524,25.507922,200.087797,move
10,1525,29.884902,191.096577,move
10,1526,34.261883,182.105357,move
10,1527,38.638863,173.114136,move
10,1528,43.015844,164.122916,move
10,1529,47.392824,155.131696,move
10,1530,51.769805,146.140476,move
10,1531,56.146785,137.149255,move
10,1532,60.523766,128.158035,move
10,1533,64.900746,119.166815,move
10,1534,69.277726,110.175594,move
10,1535,73.654707,101.184374,move
10,1536,78.031687,92.193154,move
10,1537,82.408668,83.201934,move
10,1538,86.785648,74.210713,move
10,1539,91.162629,65.219493,move
10,1540,95.539609,56.228273,move
10,1541,99.916590,47.237053,move
10,1542,104.293570,38.245832,move
10,1543,108.670551,29.254612,move
10,1544,113.047531,20.263392,move
10,1545,117.424512,11.272171,move
10,1546,121.801492,8.000000,move
10,1547,126.178472,16.991220,move
10,1548,130.555453,25.982441,move
10,1549,134.932433,34.973661,move
10,1550,139.309414,43.964881,move
10,1551,143.686394,52.956101,move
10,1552,148.063375,61.947322,move
10,1553,152.440355,70.938542,move
10,1554,156.817336,79.929762,move
10,1555,161.194316,88.920982,move
10,1556,165.571297,97.912203,move
10,1557,169.948277,106.903423,move
10,1558,174.325258,115.894643,move
10,1559,178.702238,124.885864,move
10,1560,183.079218,133.877084,move
10,1561,187.456199,142.868304,move
10,1562,191.833179,151.859524,move
10,1563,196.210160,160.850745,move
10,1564,200.587140,169.841965,move
10,1565,204.964121,178.833185,move
10,1566,209.341101,187.824406,move
10,1567,213.718082,196.815626,move
10,1568,218.095062,205.806846,move
10,1569,222.472043,214.798066,move
10,1570,226.849023,223.789287,move
10,1571,231.226003,232.780507,move
10,1572,235.602984,241.771727,move
10,1573,239.979964,250.762947,move
10,1574,244.356945,259.754168,move
10,1575,248.733925,268.745388,move
10,1576,253.110906,277.736608,move
10,1577,257.487886,286.727829,move
10,1578,261.864867,295.719049,move
10,1579,266.241847,304.710269,move
10,1580,270.618828,313.701489,move
10,1581,274.995808,322.692710,move
10,1582,279.372789,331.683930,move
10,1583,283.749769,340.675150,move
10,1584,288.126749,349.666370,move
10,1585,292.503730,358.657591,move
10,1586,296.880710,367.648811,move
10,1587,301.257691,376.640031,move
10,1588,305.634671,385.631252,move
10,1589,310.011652,394.622472,move
10,1590,314.388632,403.613692,move
10,1591,318.765613,412.604912,move
10,1592,323.142593,421.596133,move
10,1593,327.519574,430.587353,move
10,1594,331.896554,439.578573,move
10,1595,336.273535,448.569794,move
10,1596,340.650515,457.561014,move
10,1597,345.027495,466.552234,move
10,1598,349.404476,475.543454,move
10,1599,353.781456,484.534675,move
10,1600,358.158437,493.525895,move
10,1601,362.535417,502.517115,move
10,1602,366.912398,511.508335,move
10,1603,371.289378,520.499556,move
10,1604,375.666359,529.490776,move
10,1605,380.043339,538.481996,move
10,1606,384.420320,547.473217,move
10,1607,388.797300,556.464437,move
10,1608,393.174281,565.455657,move
10,1609,397.551261,574.446877,move
10,1610,401.928241,583.438098,move
10,1611,406.305222,592.429318,move
10,1612,410.682202,601.420538,move
10,1613,415.059183,610.411758,move
10,1614,419.436163,619.402979,move
10,1615,423.813144,628.394199,move
10,1616,428.190124,637.385419,move
10,1617,432.567105,646.376640,move
10,1618,436.944085,655.367860,move
10,1619,441.321066,664.359080,move
10,1620,445.698046,673.350300,move
10,1621,450.075027,682.341521,move
10,1622,454.452007,691.332741,move
10,1623,458.828987,700.323961,move
10,1624,463.205968,709.315182,move
10,1625,467.582948,718.306402,move
10,1626,471.959929,727.297622,move
10,1627,476.336909,736.288842,move
10,1628,480.713890,745.280063,move
10,1629,485.090870,754.271283,move
10,1630,489.467851,763.262503,move
10,1631,493.844831,772.253723,move
10,1632,498.221812,781.244944,move
10,1633,502.598792,790.236164,move
10,1634,506.975773,799.227384,move
10,1635,511.352753,808.218605,move
10,1636,515.729733,817.209825,move
10,1637,520.106714,826.201045,move
10,1638,524.483694,835.192265,move
10,1639,528.860675,844.183486,move
10,1640,533.237655,853.174706,move
10,1641,537.614636,862.165926,move
10,1642,541.991616,871.157146,move
10,1643,546.368597,880.148367,move
10,1644,550.745577,889.139587,move
10,1645,555.122558,898.130807,move
10,1646,559.499538,907.122028,move
10,1647,563.876518,916.113248,move
10,1648,568.253499,925.104468,move
10,1649,572.630479,934.095688,move
11,1650,1790.000000,992.000000,wait
11,1651,1790.000000,992.000000,wait
11,1652,1790.000000,992.000000,wait
11,1653,1790.000000,992.000000,wait
11,1654,1790.000000,992.000000,wait
11,1655,1790.000000,992.000000,wait
11,1656,1790.000000,992.000000,wait
11,1657,1790.000000,992.000000,wait
11,1658,1790.000000,992.000000,wait
11,1659,1790.000000,992.000000,wait
11,1660,1790.000000,992.000000,wait
11,1661,1790.000000,992.000000,wait
11,1662,1790.000000,992.000000,wait
11,1663,1790.000000,992.000000,wait
11,1664,1790.000000,992.000000,wait
11,1665,1780.107062,990.540626,move
11,1666,1770.214123,989.081252,move
11,1667,1760.321185,987.621878,move
11,1668,1750.428247,986.162504,move
11,1669,1740.535309,984.703130,move
11,1670,1730.642370,983.243756,move
11,1671,1720.749432,981.784382,move
11,1672,1710.856494,980.325008,move
11,1673,1700.963556,978.865633,move
11,1674,1691.070617,977.406259,move
11,1675,1681.177679,975.946885,move
11,1676,1671.284741,974.487511,move
11,1677,1661.391803,973.028137,move
11,1678,1651.498864,971.568763,move
11,1679,1641.605926,970.109389,move
11,1680,1631.712988,968.650015,move
11,1681,1621.820050,967.190641,move
11,1682,1611.927111,965.731267,move
11,1683,1602.034173,964.271893,move
11,1684,1592.141235,962.812519,move
11,1685,1582.248297,961.353145,move
11,1686,1572.355358,959.893771,move
11,1687,1562.462420,958.434397,move
11,1688,1552.569482,956.975023,move
11,1689,1542.676544,955.515649,move
11,1690,1532.783605,954.056274,move
11,1691,1522.890667,952.596900,move
11,1692,1512.997729,951.137526,move
11,1693,1503.104791,949.678152,move
11,1694,1493.211852,948.218778,move
11,1695,1483.318914,946.759404,move
11,1696,1473.425976,945.300030,move
11,1697,1463.533038,943.840656,move
11,1698,1453.640099,942.381282,move
11,1699,1443.747161,940.921908,move
11,1700,1433.854223,939.462534,move
11,1701,1423.961284,938.003160,move
11,1702,1414.068346,936.543786,move
11,1703,1404.175408,935.084412,move
11,1704,1394.282470,933.625038,move
11,1705,1384.389531,932.165664,move
11,1706,1374.496593,930.706289,move
11,1707,1364.603655,929.246915,move
11,1708,1354.710717,927.787541,move
11,1709,1344.817778,926.328167,move
11,1710,1334.924840,924.868793,move
11,1711,1325.031902,923.409419,move
11,1712,1315.138964,921.950045,move
11,1713,1305.246025,920.490671,move
11,1714,1295.353087,919.031297,move
11,1715,1285.460149,917.571923,move
11,1716,1275.567211,916.112549,move
11,1717,1265.674272,914.653175,move
11,1718,1255.781334,913.193801,move
11,1719,1245.888396,911.734427,move
11,1720,1235.995458,910.275053,move
11,1721,1226.102519,908.815679,move
11,1722,1216.209581,907.356305,move
11,1723,1206.316643,905.896930,move
11,1724,1196.423705,904.437556,move
11,1725,1186.530766,902.978182,move
11,1726,1176.637828,901.518808,move
11,1727,1166.744890,900.059434,move
11,1728,1156.851952,898.600060,move
11,1729,1146.959013,897.140686,move
11,1730,1137.066075,895.681312,move
11,1731,1127.173137,894.221938,move
11,1732,1117.280199,892.762564,move
11,1733,1107.387260,891.303190,move
11,1734,1097.494322,889.843816,move
11,1735,1087.601384,888.384442,move
11,1736,1077.708446,886.925068,move
11,1737,1067.815507,885.465694,move
11,1738,1057.922569,884.006320,move
11,1739,1048.029631,882.546946,move
11,1740,1038.136692,881.087571,move
11,1741,1028.243754,879.628197,move
11,1742,1018.350816,878.168823,move
11,1743,1008.457878,876.709449,move
11,1744,998.564939,875.250075,move
11,1745,988.672001,873.790701,move
11,1746,978.779063,872.331327,move
11,1747,968.886125,870.871953,move
11,1748,958.993186,869.412579,move
11,1749,949.100248,867.953205,move
11,1750,939.207310,866.493831,move
11,1751,929.314372,865.034457,move
11,1752,919.421433,863.575083,move
11,1753,909.528495,862.115709,move
11,1754,899.635557,860.656335,move
11,1755,889.742619,859.196961,move
11,1756,879.849680,857.737587,move
11,1757,869.956742,856.278212,move
11,1758,860.063804,854.818838,move
11,1759,850.170866,853.359464,move
11,1760,840.277927,851.900090,move
11,1761,830.384989,850.440716,move
11,1762,820.492051,848.981342,move
11,1763,810.599113,847.521968,move
11,1764,800.706174,846.062594,move
11,1765,790.813236,844.603220,move
11,1766,780.920298,843.143846,move
11,1767,771.027360,841.684472,move
11,1768,761.134421,840.225098,move
11,1769,751.241483,838.765724,move
11,1770,741.348545,837.306350,move
11,1771,731.455607,835.846976,move
11,1772,721.562668,834.387602,move
11,1773,711.669730,832.928228,move
11,1774,701.776792,831.468853,move
11,1775,691.883853,830.009479,move
11,1776,681.990915,828.550105,move
11,1777,672.097977,827.090731,move
11,1778,662.205039,825.631357,move
11,1779,652.312100,824.171983,move
11,1780,642.419162,822.712609,move
11,1781,632.526224,821.253235,move
11,1782,622.633286,819.793861,move
11,1783,612.740347,818.334487,move
11,1784,602.847409,816.875113,move
11,1785,592.954471,815.415739,move
11,1786,583.061533,813.956365,move
11,1787,573.168594,812.496991,move
11,1788,563.275656,811.037617,move
11,1789,553.382718,809.578243,move
11,1790,543.489780,808.118868,move
11,1791,533.596841,806.659494,move
11,1792,523.703903,805.200120,move
11,1793,513.810965,803.740746,move
11,1794,503.918027,802.281372,move
11,1795,494.025088,800.821998,move
11,1796,484.132150,799.362624,move
11,1797,474.239212,797.903250,move
11,1798,464.346274,796.443876,move
11,1799,454.453335,794.984502,move
12,1800,72.000000,932.000000,wait
12,1801,72.000000,932.000000,wait
12,1802,72.000000,932.000000,wait
12,1803,72.000000,932.000000,wait
12,1804,72.000000,932.000000,wait
12,1805,72.000000,932.000000,wait
12,1806,72.000000,932.000000,wait
12,1807,72.000000,932.000000,wait
12,1808,72.000000,932.000000,wait
12,1809,72.000000,932.000000,wait
12,1810,72.000000,932.000000,wait
12,1811,72.000000,932.000000,wait
12,1812,72.000000,932.000000,wait
12,1813,72.000000,932.000000,wait
12,1814,72.000000,932.000000,wait
12,1815,68.313331,941.295616,move
12,1816,64.626663,950.591232,move
12,1817,60.939994,959.886848,move
12,1818,57.253325,969.182463,move
12,1819,53.566656,978.478079,move
12,1820,49.879988,987.773695,move
12,1821,46.193319,992.000000,move
12,1822,42.506650,982.704384,move
12,1823,38.819982,973.408768,move
12,1824,35.133313,964.113152,move
12,1825,31.446644,954.817537,move
12,1826,27.759976,945.521921,move
12,1827,24.073307,936.226305,move
12,1828,20.386638,926.930689,move
12,1829,16.699969,917.635073,move
12,1830,13.013301,908.339457,move
12,1831,9.326632,899.043842,move
12,1832,8.000000,889.748226,move
12,1833,11.686669,880.452610,move
12,1834,15.373337,871.156994,move
12,1835,19.060006,861.861378,move
12,1836,22.746675,852.565762,move
12,1837,26.433344,843.270147,move
12,1838,30.120012,833.974531,move
12,1839,33.806681,824.678915,move
12,1840,37.493350,815.383299,move
12,1841,41.180018,806.087683,move
12,1842,44.866687,796.792067,move
12,1843,48.553356,787.496452,move
12,1844,52.240024,778.200836,move
12,1845,55.926693,768.905220,move
12,1846,59.613362,759.609604,move
12,1847,63.300031,750.313988,move
12,1848,66.986699,741.018372,move
12,1849,70.673368,731.722756,move
12,1850,74.360037,722.427141,move
12,1851,78.046705,713.131525,move
12,1852,81.733374,703.835909,move
12,1853,85.420043,694.540293,move
12,1854,89.106712,685.244677,move
12,1855,92.793380,675.949061,move
12,1856,96.480049,666.653446,move
12,1857,100.166718,657.357830,move
12,1858,103.853386,648.062214,move
12,1859,107.540055,638.766598,move
12,1860,111.226724,629.470982,move
12,1861,114.913393,620.175366,move
12,1862,118.600061,610.879751,move
12,1863,122.286730,601.584135,move
12,1864,125.973399,592.288519,move
12,1865,129.660067,582.992903,move
12,1866,133.346736,573.697287,move
12,1867,137.033405,564.401671,move
12,1868,140.720073,555.106056,move
12,1869,144.406742,545.810440,move
12,1870,148.093411,536.514824,move
12,1871,151.780080,527.219208,move
12,1872,155.466748,517.923592,move
12,1873,159.153417,508.627976,move
12,1874,162.840086,499.332360,move
12,1875,166.526754,490.036745,move
12,1876,170.213423,480.741129,move
12,1877,173.900092,471.445513,move
12,1878,177.586761,462.149897,move
12,1879,181.273429,452.854281,move
12,1880,184.960098,443.558665,move
12,1881,188.646767,434.263050,move
12,1882,192.333435,424.967434,move
12,1883,196.020104,415.671818,move
12,1884,199.706773,406.376202,move
12,1885,203.393442,397.080586,move
12,1886,207.080110,387.784970,move
12,1887,210.766779,378.489355,move
12,1888,214.453448,369.193739,move
12,1889,218.140116,359.898123,move
12,1890,221.826785,350.602507,move
12,1891,225.513454,341.306891,move
12,1892,229.200122,332.011275,move
12,1893,232.886791,322.715660,move
12,1894,236.573460,313.420044,move
12,1895,240.260129,304.124428,move
12,1896,243.946797,294.828812,move
12,1897,247.633466,285.533196,move
12,1898,251.320135,276.237580,move
12,1899,255.006803,266.941965,move
12,1900,258.693472,257.646349,move
12,1901,262.380141,248.350733,move
12,1902,266.066810,239.055117,move
12,1903,269.753478,229.759501,move
12,1904,273.440147,220.463885,move
12,1905,277.126816,211.168269,move
12,1906,280.813484,201.872654,move
12,1907,284.500153,192.577038,move
12,1908,288.186822,183.281422,move
12,1909,291.873491,173.985806,move
12,1910,295.560159,164.690190,move
12,1911,299.246828,155.394574,move
12,1912,302.933497,146.098959,move
12,1913,306.620165,136.803343,move
12,1914,310.306834,127.507727,move
12,1915,313.993503,118.212111,move
12,1916,317.680171,108.916495,move
12,1917,321.366840,99.620879,move
12,1918,325.053509,90.325264,move
12,1919,328.740178,81.029648,move
12,1920,332.426846,71.734032,move
12,1921,336.113515,62.438416,move
12,1922,339.800184,53.142800,move
12,1923,343.486852,43.847184,move
12,1924,347.173521,34.551569,move
12,1925,350.860190,25.255953,move
12,1926,354.546859,15.960337,move
12,1927,358.233527,8.000000,move
12,1928,361.920196,17.295616,move
12,1929,365.606865,26.591232,move
12,1930,369.293533,35.886848,move
12,1931,372.980202,45.182463,move
12,1932,376.666871,54.478079,move
12,1933,380.353539,63.773695,move
12,1934,384.040208,73.069311,move
12,1935,387.726877,82.364927,move
12,1936,391.413546,91.660543,move
12,1937,395.100214,100.956158,move
12,1938,398.786883,110.251774,move
12,1939,402.473552,119.547390,move
12,1940,406.160220,128.843006,move
12,1941,409.846889,138.138622,move
12,1942,413.533558,147.434238,move
12,1943,417.220227,156.729853,move
12,1944,420.906895,166.025469,move
12,1945,424.593564,175.321085,move
12,1946,428.280233,184.616701,move
12,1947,431.966901,193.912317,move
12,1948,435.653570,203.207933,move
12,1949,439.340239,212.503548,move
13,1950,1742.000000,941.000000,wait
13,1951,1742.000000,941.000000,wait
13,1952,1742.000000,941.000000,wait
13,1953,1742.000000,941.000000,wait
13,1954,1742.000000,941.000000,wait
13,1955,1742.000000,941.000000,wait
13,1956,1742.000000,941.000000,wait
13,1957,1742.000000,941.000000,wait
13,1958,1742.000000,941.000000,wait
13,1959,1742.000000,941.000000,wait
13,1960,1742.000000,941.000000,wait
13,1961,1742.000000,941.000000,wait
13,1962,1742.000000,941.000000,wait
13,1963,1742.000000,941.000000,wait
13,1964,1742.000000,941.000000,wait
13,1965,1748.263100,948.795741,move
13,1966,1754.526201,956.591482,move
13,1967,1760.789301,964.387222,move
13,1968,1767.052401,972.182963,move
13,1969,1773.315502,979.978704,move
13,1970,1779.578602,987.774445,move
13,1971,1785.841702,992.000000,move
13,1972,1792.104803,984.204259,move
13,1973,1798.367903,976.408518,move
13,1974,1804.631003,968.612778,move
13,1975,1810.894104,960.817037,move
13,1976,1817.157204,953.021296,move
13,1977,1823.420304,945.225555,move
13,1978,1829.683405,937.429815,move
13,1979,1835.946505,929.634074,move
13,1980,1842.209605,921.838333,move
13,1981,1848.472706,914.042592,move
13,1982,1854.735806,906.246852,move
13,1983,1860.998907,898.451111,move
13,1984,1862.000000,890.655370,move
13,1985,1855.736900,882.859629,move
13,1986,1849.473799,875.063889,move
13,1987,1843.210699,867.268148,move
13,1988,1836.947599,859.472407,move
13,1989,1830.684498,851.676666,move
13,1990,1824.421398,843.880925,move
13,1991,1818.158298,836.085185,move
13,1992,1811.895197,828.289444,move
13,1993,1805.632097,820.493703,move
13,1994,1799.368997,812.697962,move
13,1995,1793.105896,804.902222,move
13,1996,1786.842796,797.106481,move
13,1997,1780.579696,789.310740,move
13,1998,1774.316595,781.514999,move
13,1999,1768.053495,773.719259,move
13,2000,1761.790395,765.923518,move
13,2001,1755.527294,758.127777,move
13,2002,1749.264194,750.332036,move
13,2003,1743.001093,742.536295,move
13,2004,1736.737993,734.740555,move
13,2005,1730.474893,726.944814,move
13,2006,1724.211792,719.149073,move
13,2007,1717.948692,711.353332,move
13,2008,1711.685592,703.557592,move
13,2009,1705.422491,695.761851,move
13,2010,1699.159391,687.966110,move
13,2011,1692.896291,680.170369,move
13,2012,1686.633190,672.374629,move
13,2013,1680.370090,664.578888,move
13,2014,1674.106990,656.783147,move
13,2015,1667.843889,648.987406,move
13,2016,1661.580789,641.191666,move
13,2017,1655.317689,633.395925,move
13,2018,1649.054588,625.600184,move
13,2019,1642.791488,617.804443,move
13,2020,1636.528388,610.008702,move
13,2021,1630.265287,602.212962,move
13,2022,1624.002187,594.417221,move
13,2023,1617.739087,586.621480,move
13,2024,1611.475986,578.825739,move
13,2025,1605.212886,571.029999,move
13,2026,1598.949786,563.234258,move
13,2027,1592.686685,555.438517,move
13,2028,1586.423585,547.642776,move
13,2029,1580.160485,539.847036,move
13,2030,1573.897384,532.051295,move
13,2031,1567.634284,524.255554,move
13,2032,1561.371184,516.459813,move
13,2033,1555.108083,508.664073,move
13,2034,1548.844983,500.868332,move
13,2035,1542.581882,493.072591,move
13,2036,1536.318782,485.276850,move
13,2037,1530.055682,477.481109,move
13,2038,1523.792581,469.685369,move
13,2039,1517.529481,461.889628,move
13,2040,1511.266381,454.093887,move
13,2041,1505.003280,446.298146,move
13,2042,1498.740180,438.502406,move
13,2043,1492.477080,430.706665,move
13,2044,1486.213979,422.910924,move
13,2045,1479.950879,415.115183,move
13,2046,1473.687779,407.319443,move
13,2047,1467.424678,399.523702,move
13,2048,1461.161578,391.727961,move
13,2049,1454.898478,383.932220,move
13,2050,1448.635377,376.136479,move
13,2051,1442.372277,368.340739,move
13,2052,1436.109177,360.544998,move
13,2053,1429.846076,352.749257,move
13,2054,1423.582976,344.953516,move
13,2055,1417.319876,337.157776,move
13,2056,1411.056775,329.362035,move
13,2057,1404.793675,321.566294,move
13,2058,1398.530575,313.770553,move
13,2059,1392.267474,305.974813,move
13,2060,1386.004374,298.179072,move
13,2061,1379.741274,290.383331,move
13,2062,1373.478173,282.587590,move
13,2063,1367.215073,274.791850,move
13,2064,1360.951973,266.996109,move
13,2065,1354.688872,259.200368,move
13,2066,1348.425772,251.404627,move
13,2067,1342.162671,243.608886,move
13,2068,1335.899571,235.813146,move
13,2069,1329.636471,228.017405,move
13,2070,1323.373370,220.221664,move
13,2071,1317.110270,212.425923,move
13,2072,1310.847170,204.630183,move
13,2073,1304.584069,196.834442,move
13,2074,1298.320969,189.038701,move
13,2075,1292.057869,181.242960,move
13,2076,1285.794768,173.447220,move
13,2077,1279.531668,165.651479,move
13,2078,1273.268568,157.855738,move
13,2079,1267.005467,150.059997,move
13,2080,1260.742367,142.264257,move
13,2081,1254.479267,134.468516,move
13,2082,1248.216166,126.672775,move
13,2083,1241.953066,118.877034,move
13,2084,1235.689966,111.081293,move
13,2085,1229.426865,103.285553,move
13,2086,1223.163765,95.489812,move
13,2087,1216.900665,87.694071,move
13,2088,1210.637564,79.898330,move
13,2089,1204.374464,72.102590,move
13,2090,1198.111364,64.306849,move
13,2091,1191.848263,56.511108,move
13,2092,1185.585163,48.715367,move
13,2093,1179.322063,40.919627,move
13,2094,1173.058962,33.123886,move
13,2095,1166.795862,25.328145,move
13,2096,1160.532762,17.532404,move
13,2097,1154.269661,9.736664,move
13,2098,1148.006561,8.000000,move
13,2099,1141.743461,15.795741,move
14,2100,1756.000000,931.000000,wait
14,2101,1756.000000,931.000000,wait
14,2102,1756.000000,931.000000,wait
14,2103,1756.000000,931.000000,wait
14,2104,1756.000000,931.000000,wait
14,2105,1756.000000,931.000000,wait
14,2106,1756.000000,931.000000,wait
14,2107,1756.000000,931.000000,wait
14,2108,1756.000000,931.000000,wait
14,2109,1756.000000,931.000000,wait
14,2110,1756.000000,931.000000,wait
14,2111,1756.000000,931.000000,wait
14,2112,1756.000000,931.000000,wait
14,2113,1756.000000,931.000000,wait
14,2114,1756.000000,931.000000,wait
14,2115,1746.964508,935.284844,move
14,2116,1737.929016,939.569687,move
14,2117,1728.893524,943.854531,move
14,2118,1719.858032,948.139375,move
14,2119,1710.822540,952.424218,move
14,2120,1701.787048,956.709062,move
14,2121,1692.751556,960.993906,move
14,2122,1683.716064,965.278749,move
14,2123,1674.680572,969.563593,move
14,2124,1665.645081,973.848437,move
14,2125,1656.609589,978.133280,move
14,2126,1647.574097,982.418124,move
14,2127,1638.538605,986.702968,move
14,2128,1629.503113,990.987811,move
14,2129,1620.467621,992.000000,move
14,2130,1611.432129,987.715156,move
14,2131,1602.396637,983.430313,move
14,2132,1593.361145,979.145469,move
14,2133,1584.325653,974.860625,move
14,2134,1575.290161,970.575782,move
14,2135,1566.254669,966.290938,move
14,2136,1557.219177,962.006094,move
14,2137,1548.183685,957.721251,move
14,2138,1539.148193,953.436407,move
14,2139,1530.112701,949.151563,move
14,2140,1521.077209,944.866720,move
14,2141,1512.041717,940.581876,move
14,2142,1503.006225,936.297032,move
14,2143,1493.970734,932.012189,move
14,2144,1484.935242,927.727345,move
14,2145,1475.899750,923.442501,move
14,2146,1466.864258,919.157658,move
14,2147,1457.828766,914.872814,move
14,2148,1448.793274,910.587970,move
14,2149,1439.757782,906.303127,move
14,2150,1430.722290,902.018283,move
14,2151,1421.686798,897.733439,move
14,2152,1412.651306,893.448596,move
14,2153,1403.615814,889.163752,move
14,2154,1394.580322,884.878908,move
14,2155,1385.544830,880.594065,move
14,2156,1376.509338,876.309221,move
14,2157,1367.473846,872.024377,move
14,2158,1358.438354,867.739534,move
14,2159,1349.402862,863.454690,move
14,2160,1340.367370,859.169846,move
14,2161,1331.331878,854.885003,move
14,2162,1322.296386,850.600159,move
14,2163,1313.260895,846.315315,move
14,2164,1304.225403,842.030472,move
14,2165,1295.189911,837.745628,move
14,2166,1286.154419,833.460784,move
14,2167,1277.118927,829.175941,move
14,2168,1268.083435,824.891097,move
14,2169,1259.047943,820.606253,move
14,2170,1250.012451,816.321410,move
14,2171,1240.976959,812.036566,move
14,2172,1231.941467,807.751722,move
14,2173,1222.905975,803.466879,move
14,2174,1213.870483,799.182035,move
14,2175,1204.834991,794.897191,move
14,2176,1195.799499,790.612348,move
14,2177,1186.764007,786.327504,move
14,2178,1177.728515,782.042660,move
14,2179,1168.693023,777.757817,move
14,2180,1159.657531,773.472973,move
14,2181,1150.622039,769.188129,move
14,2182,1141.586548,764.903286,move
14,2183,1132.551056,760.618442,move
14,2184,1123.515564,756.333598,move
14,2185,1114.480072,752.048755,move
14,2186,1105.444580,747.763911,move
14,2187,1096.409088,743.479067,move
14,2188,1087.373596,739.194224,move
14,2189,1078.338104,734.909380,move
14,2190,1069.302612,730.624536,move
14,2191,1060.267120,726.339693,move
14,2192,1051.231628,722.054849,move
14,2193,1042.196136,717.770005,move
14,2194,1033.160644,713.485162,move
14,2195,1024.125152,709.200318,move
14,2196,1015.089660,704.915474,move
14,2197,1006.054168,700.630631,move
14,2198,997.018676,696.345787,move
14,2199,987.983184,692.060943,move
14,2200,978.947692,687.776100,move
14,2201,969.912201,683.491256,move
14,2202,960.876709,679.206412,move
14,2203,951.841217,674.921569,move
14,2204,942.805725,670.636725,move
14,2205,933.770233,666.351881,move
14,2206,924.734741,662.067038,move
14,2207,915.699249,657.782194,move
14,2208,906.663757,653.497350,move
14,2209,897.628265,649.212507,move
14,2210,888.592773,644.927663,move
14,2211,879.557281,640.642819,move
14,2212,870.521789,636.357976,move
14,2213,861.486297,632.073132,move
14,2214,852.450805,627.788288,move
14,2215,843.415313,623.503445,move
14,2216,834.379821,619.218601,move
14,2217,825.344329,614.933757,move
14,2218,816.308837,610.648914,move
14,2219,807.273345,606.364070,move
14,2220,798.237854,602.079226,move
14,2221,789.202362,597.794383,move
14,2222,780.166870,593.509539,move
14,2223,771.131378,589.224695,move
14,2224,762.095886,584.939852,move
14,2225,753.060394,580.655008,move
14,2226,744.024902,576.370164,move
14,2227,734.989410,572.085321,move
14,2228,725.953918,567.800477,move
14,2229,716.918426,563.515633,move
14,2230,707.882934,559.230790,move
14,2231,698.847442,554.945946,move
14,2232,689.811950,550.661102,move
14,2233,680.776458,546.376259,move
14,2234,671.740966,542.091415,move
14,2235,662.705474,537.806571,move
14,2236,653.669982,533.521728,move
14,2237,644.634490,529.236884,move
14,2238,635.598998,524.952040,move
14,2239,626.563506,520.667197,move
14,2240,617.528015,516.382353,move
14,2241,608.492523,512.097509,move
14,2242,599.457031,507.812666,move
14,2243,590.421539,503.527822,move
14,2244,581.386047,499.242978,move
14,2245,572.350555,494.958135,move
14,2246,563.315063,490.673291,move
14,2247,554.279571,486.388447,move
14,2248,545.244079,482.103604,move
14,2249,536.208587,477.818760,move
15,2250,79.000000,971.000000,wait
15,2251,79.000000,971.000000,wait
15,2252,79.000000,971.000000,wait
15,2253,79.000000,971.000000,wait
15,2254,79.000000,971.000000,wait
15,2255,79.000000,971.000000,wait
15,2256,79.000000,971.000000,wait
15,2257,79.000000,971.000000,wait
15,2258,79.000000,971.000000,wait
15,2259,79.000000,971.000000,wait
15,2260,79.000000,971.000000,wait
15,2261,79.000000,971.000000,wait
15,2262,79.000000,971.000000,wait
15,2263,79.000000,971.000000,wait
15,2264,79.000000,971.000000,wait
15,2265,88.270023,974.750556,move
15,2266,97.540047,978.501112,move
15,2267,106.810070,982.251667,move
15,2268,116.080093,986.002223,move
15,2269,125.350116,989.752779,move
15,2270,134.620140,992.000000,move
15,2271,143.890163,988.249444,move
15,2272,153.160186,984.498888,move
15,2273,162.430209,980.748333,move
15,2274,171.700233,976.997777,move
15,2275,180.970256,973.247221,move
15,2276,190.240279,969.496665,move
15,2277,199.510302,965.746109,move
15,2278,208.780326,961.995554,move
15,2279,218.050349,958.244998,move
15,2280,227.320372,954.494442,move
15,2281,236.590395,950.743886,move
15,2282,245.860419,946.993330,move
15,2283,255.130442,943.242774,move
15,2284,264.400465,939.492219,move
15,2285,273.670488,935.741663,move
15,2286,282.940512,931.991107,move
15,2287,292.210535,928.240551,move
15,2288,301.480558,924.489995,move
15,2289,310.750581,920.739440,move
15,2290,320.020605,916.988884,move
15,2291,329.290628,913.238328,move
15,2292,338.560651,909.487772,move
15,2293,347.830674,905.737216,move
15,2294,357.100698,901.986661,move
15,2295,366.370721,898.236105,move
15,2296,375.640744,894.485549,move
15,2297,384.910767,890.734993,move
15,2298,394.180791,886.984437,move
15,2299,403.450814,883.233882,move
15,2300,412.720837,879.483326,move
15,2301,421.990860,875.732770,move
15,2302,431.260884,871.982214,move
15,2303,440.530907,868.231658,move
15,2304,449.800930,864.481103,move
15,2305,459.070953,860.730547,move
15,2306,468.340977,856.979991,move
15,2307,477.611000,853.229435,move
15,2308,486.881023,849.478879,move
15,2309,496.151046,845.728323,move
15,2310,505.421070,841.977768,move
15,2311,514.691093,838.227212,move
15,2312,523.961116,834.476656,move
15,2313,533.231139,830.726100,move
15,2314,542.501163,826.975544,move
15,2315,551.771186,823.224989,move
15,2316,561.041209,819.474433,move
15,2317,570.311232,815.723877,move
15,2318,579.581256,811.973321,move
15,2319,588.851279,808.222765,move
15,2320,598.121302,804.472210,move
15,2321,607.391325,800.721654,move
15,2322,616.661349,796.971098,move
15,2323,625.931372,793.220542,move
15,2324,635.201395,789.469986,move
15,2325,644.471419,785.719431,move
15,2326,653.741442,781.968875,move
15,2327,663.011465,778.218319,move
15,2328,672.281488,774.467763,move
15,2329,681.551512,770.717207,move
15,2330,690.821535,766.966652,move
15,2331,700.091558,763.216096,move
15,2332,709.361581,759.465540,move
15,2333,718.631605,755.714984,move
15,2334,727.901628,751.964428,move
15,2335,737.171651,748.213872,move
15,2336,746.441674,744.463317,move
15,2337,755.711698,740.712761,move
15,2338,764.981721,736.962205,move
15,2339,774.251744,733.211649,move
15,2340,783.521767,729.461093,move
15,2341,792.791791,725.710538,move
15,2342,802.061814,721.959982,move
15,2343,811.331837,718.209426,move
15,2344,820.601860,714.458870,move
15,2345,829.871884,710.708314,move
15,2346,839.141907,706.957759,move
15,2347,848.411930,703.207203,move
15,2348,857.681953,699.456647,move
15,2349,866.951977,695.706091,move
15,2350,876.222000,691.955535,move
15,2351,885.492023,688.204980,move
15,2352,894.762046,684.454424,move
15,2353,904.032070,680.703868,move
15,2354,913.302093,676.953312,move
15,2355,922.572116,673.202756,move
15,2356,931.842139,669.452201,move
15,2357,941.112163,665.701645,move
15,2358,950.382186,661.951089,move
15,2359,959.652209,658.200533,move
15,2360,968.922232,654.449977,move
15,2361,978.192256,650.699421,move
15,2362,987.462279,646.948866,move
15,2363,996.732302,643.198310,move
15,2364,1006.002325,639.447754,move
15,2365,1015.272349,635.697198,move
15,2366,1024.542372,631.946642,move
15,2367,1033.812395,628.196087,move
15,2368,1043.082418,624.445531,move
15,2369,1052.352442,620.694975,move
15,2370,1061.622465,616.944419,move
15,2371,1070.892488,613.193863,move
15,2372,1080.162511,609.443308,move
15,2373,1089.432535,605.692752,move
15,2374,1098.702558,601.942196,move
15,2375,1107.972581,598.191640,move
15,2376,1117.242604,594.441084,move
15,2377,1126.512628,590.690529,move
15,2378,1135.782651,586.939973,move
15,2379,1145.052674,583.189417,move
15,2380,1154.322697,579.438861,move
15,2381,1163.592721,575.688305,move
15,2382,1172.862744,571.937750,move
15,2383,1182.132767,568.187194,move
15,2384,1191.402791,564.436638,move
15,2385,1200.672814,560.686082,move
15,2386,1209.942837,556.935526,move
15,2387,1219.212860,553.184970,move
15,2388,1228.482884,549.434415,move
15,2389,1237.752907,545.683859,move
15,2390,1247.022930,541.933303,move
15,2391,1256.292953,538.182747,move
15,2392,1265.562977,534.432191,move
15,2393,1274.833000,530.681636,move
15,2394,1284.103023,526.931080,move
15,2395,1293.373046,523.180524,move
15,2396,1302.643070,519.429968,move
15,2397,1311.913093,515.679412,move
15,2398,1321.183116,511.928857,move
15,2399,1330.453139,508.178301,move
16,2400,114.000000,45.000000,wait
16,2401,114.000000,45.000000,wait
16,2402,114.000000,45.000000,wait
16,2403,114.000000,45.000000,wait
16,2404,114.000000,45.000000,wait
16,2405,114.000000,45.000000,wait
16,2406,114.000000,45.000000,wait
16,2407,114.000000,45.000000,wait
16,2408,114.000000,45.000000,wait
16,2409,114.000000,45.000000,wait
16,2410,114.000000,45.000000,wait
16,2411,114.000000,45.000000,wait
16,2412,114.000000,45.000000,wait
16,2413,114.000000,45.000000,wait
16,2414,114.000000,45.000000,wait
16,2415,104.202008,43.000161,move
16,2416,94.404016,41.000322,move
16,2417,84.606024,39.000483,move
16,2418,74.808033,37.000645,move
16,2419,65.010041,35.000806,move
16,2420,55.212049,33.000967,move
16,2421,45.414057,31.001128,move
16,2422,35.616065,29.001289,move
16,2423,25.818073,27.001450,move
16,2424,16.020081,25.001611,move
16,2425,8.000000,23.001773,move
16,2426,17.797992,21.001934,move
16,2427,27.595984,19.002095,move
16,2428,37.393976,17.002256,move
16,2429,47.191967,15.002417,move
16,2430,56.989959,13.002578,move
16,2431,66.787951,11.002739,move
16,2432,76.585943,9.002901,move
16,2433,86.383935,8.000000,move
16,2434,96.181927,9.999839,move
16,2435,105.979919,11.999678,move
16,2436,115.777910,13.999517,move
16,2437,125.575902,15.999355,move
16,2438,135.373894,17.999194,move
16,2439,145.171886,19.999033,move
16,2440,154.969878,21.998872,move
16,2441,164.767870,23.998711,move
16,2442,174.565862,25.998550,move
16,2443,184.363854,27.998389,move
16,2444,194.161845,29.998227,move
16,2445,203.959837,31.998066,move
16,2446,213.757829,33.997905,move
16,2447,223.555821,35.997744,move
16,2448,233.353813,37.997583,move
16,2449,243.151805,39.997422,move
16,2450,252.949797,41.997261,move
16,2451,262.747788,43.997099,move
16,2452,272.545780,45.996938,move
16,2453,282.343772,47.996777,move
16,2454,292.141764,49.996616,move
16,2455,301.939756,51.996455,move
16,2456,311.737748,53.996294,move
16,2457,321.535740,55.996133,move
16,2458,331.333731,57.995971,move
16,2459,341.131723,59.995810,move
16,2460,350.929715,61.995649,move
16,2461,360.727707,63.995488,move
16,2462,370.525699,65.995327,move
16,2463,380.323691,67.995166,move
16,2464,390.121683,69.995005,move
16,2465,399.919675,71.994843,move
16,2466,409.717666,73.994682,move
16,2467,419.515658,75.994521,move
16,2468,429.313650,77.994360,move
16,2469,439.111642,79.994199,move
16,2470,448.909634,81.994038,move
16,2471,458.707626,83.993877,move
16,2472,468.505618,85.993715,move
16,2473,478.303609,87.993554,move
16,2474,488.101601,89.993393,move
16,2475,497.899593,91.993232,move
16,2476,507.697585,93.993071,move
16,2477,517.495577,95.992910,move
16,2478,527.293569,97.992749,move
16,2479,537.091561,99.992587,move
16,2480,546.889552,101.992426,move
16,2481,556.687544,103.992265,move
16,2482,566.485536,105.992104,move
16,2483,576.283528,107.991943,move
16,2484,586.081520,109.991782,move
16,2485,595.879512,111.991621,move
16,2486,605.677504,113.991459,move
16,2487,615.475496,115.991298,move
16,2488,625.273487,117.991137,move
16,2489,635.071479,119.990976,move
16,2490,644.869471,121.990815,move
16,2491,654.667463,123.990654,move
16,2492,664.465455,125.990493,move
16,2493,674.263447,127.990331,move
16,2494,684.061439,129.990170,move
16,2495,693.859430,131.990009,move
16,2496,703.657422,133.989848,move
16,2497,713.455414,135.989687,move
16,2498,723.253406,137.989526,move
16,2499,733.051398,139.989365,move
16,2500,742.849390,141.989203,move
16,2501,752.647382,143.989042,move
16,2502,762.445373,145.988881,move
16,2503,772.243365,147.988720,move
16,2504,782.041357,149.988559,move
16,2505,791.839349,151.988398,move
16,2506,801.637341,153.988237,move
16,2507,811.435333,155.988075,move
16,2508,821.233325,157.987914,move
16,2509,831.031316,159.987753,move
16,2510,840.829308,161.987592,move
16,2511,850.627300,163.987431,move
16,2512,860.425292,165.987270,move
16,2513,870.223284,167.987109,move
16,2514,880.021276,169.986947,move
16,2515,889.819268,171.986786,move
16,2516,899.617260,173.986625,move
16,2517,909.415251,175.986464,move
16,2518,919.213243,177.986303,move
16,2519,929.011235,179.986142,move
16,2520,938.809227,181.985981,move
16,2521,948.607219,183.985819,move
16,2522,958.405211,185.985658,move
16,2523,968.203203,187.985497,move
16,2524,978.001194,189.985336,move
16,2525,987.799186,191.985175,move
16,2526,997.597178,193.985014,move
16,2527,1007.395170,195.984853,move
16,2528,1017.193162,197.984691,move
16,2529,1026.991154,199.984530,move
16,2530,1036.789146,201.984369,move
16,2531,1046.587137,203.984208,move
16,2532,1056.385129,205.984047,move
16,2533,1066.183121,207.983886,move
16,2534,1075.981113,209.983725,move
16,2535,1085.779105,211.983563,move
16,2536,1095.577097,213.983402,move
16,2537,1105.375089,215.983241,move
16,2538,1115.173081,217.983080,move
16,2539,1124.971072,219.982919,move
16,2540,1134.769064,221.982758,move
16,2541,1144.567056,223.982597,move
16,2542,1154.365048,225.982435,move
16,2543,1164.163040,227.982274,move
16,2544,1173.961032,229.982113,move
16,2545,1183.759024,231.981952,move
16,2546,1193.557015,233.981791,move
16,2547,1203.355007,235.981630,move
16,2548,1213.152999,237.981469,move
16,2549,1222.950991,239.981307,move
17,2550,1847.000000,910.000000,wait
17,2551,1847.000000,910.000000,wait
17,2552,1847.000000,910.000000,wait
17,2553,1847.000000,910.000000,wait
17,2554,1847.000000,910.000000,wait
17,2555,1847.000000,910.000000,wait
17,2556,1847.000000,910.000000,wait
17,2557,1847.000000,910.000000,wait
17,2558,1847.000000,910.000000,wait
17,2559,1847.000000,910.000000,wait
17,2560,1847.000000,910.000000,wait
17,2561,1847.000000,910.000000,wait
17,2562,1847.000000,910.000000,wait
17,2563,1847.000000,910.000000,wait
17,2564,1847.000000,910.000000,wait
17,2565,1853.631111,917.485210,move
17,2566,1860.262222,924.970419,move
17,2567,1862.000000,932.455629,move
17,2568,1855.368889,939.940839,move
17,2569,1848.737778,947.426048,move
17,2570,1842.106666,954.911258,move
17,2571,1835.475555,962.396468,move
17,2572,1828.844444,969.881677,move
17,2573,1822.213333,977.366887,move
17,2574,1815.582221,984.852097,move
17,2575,1808.951110,992.000000,move
17,2576,1802.319999,984.514790,move
17,2577,1795.688888,977.029581,move
17,2578,1789.057776,969.544371,move
17,2579,1782.426665,962.059161,move
17,2580,1775.795554,954.573952,move
17,2581,1769.164443,947.088742,move
17,2582,1762.533332,939.603532,move
17,2583,1755.902220,932.118323,move
17,2584,1749.271109,924.633113,move
17,2585,1742.639998,917.147903,move
17,2586,1736.008887,909.662694,move
17,2587,1729.377775,902.177484,move
17,2588,1722.746664,894.692274,move
17,2589,1716.115553,887.207065,move
17,2590,1709.484442,879.721855,move
17,2591,1702.853330,872.236645,move
17,2592,1696.222219,864.751436,move
17,2593,1689.591108,857.266226,move
17,2594,1682.959997,849.781016,move
17,2595,1676.328886,842.295807,move
17,2596,1669.697774,834.810597,move
17,2597,1663.066663,827.325387,move
17,2598,1656.435552,819.840178,move
17,2599,1649.804441,812.354968,move
17,2600,1643.173329,804.869758,move
17,2601,1636.542218,797.384548,move
17,2602,1629.911107,789.899339,move
17,2603,1623.279996,782.414129,move
17,2604,1616.648884,774.928919,move
17,2605,1610.017773,767.443710,move
17,2606,1603.386662,759.958500,move
17,2607,1596.755551,752.473290,move
17,2608,1590.124440,744.988081,move
17,2609,1583.493328,737.502871,move
17,2610,1576.862217,730.017661,move
17,2611,1570.231106,722.532452,move
17,2612,1563.599995,715.047242,move
17,2613,1556.968883,707.562032,move
17,2614,1550.337772,700.076823,move
17,2615,1543.706661,692.591613,move
17,2616,1537.075550,685.106403,move
17,2617,1530.444439,677.621194,move
17,2618,1523.813327,670.135984,move
17,2619,1517.182216,662.650774,move
17,2620,1510.551105,655.165565,move
17,2621,1503.919994,647.680355,move
17,2622,1497.288882,640.195145,move
17,2623,1490.657771,632.709936,move
17,2624,1484.026660,625.224726,move
17,2625,1477.395549,617.739516,move
17,2626,1470.764437,610.254307,move
17,2627,1464.133326,602.769097,move
17,2628,1457.502215,595.283887,move
17,2629,1450.871104,587.798678,move
17,2630,1444.239993,580.313468,move
17,2631,1437.608881,572.828258,move
17,2632,1430.977770,565.343049,move
17,2633,1424.346659,557.857839,move
17,2634,1417.715548,550.372629,move
17,2635,1411.084436,542.887420,move
17,2636,1404.453325,535.402210,move
17,2637,1397.822214,527.917000,move
17,2638,1391.191103,520.431791,move
17,2639,1384.559991,512.946581,move
17,2640,1377.928880,505.461371,move
17,2641,1371.297769,497.976162,move
17,2642,1364.666658,490.490952,move
17,2643,1358.035547,483.005742,move
17,2644,1351.404435,475.520533,move
17,2645,1344.773324,468.035323,move
17,2646,1338.142213,460.550113,move
17,2647,1331.511102,453.064904,move
17,2648,1324.879990,445.579694,move
17,2649,1318.248879,438.094484,move
17,2650,1311.617768,430.609274,move
17,2651,1304.986657,423.124065,move
17,2652,1298.355545,415.638855,move
17,2653,1291.724434,408.153645,move
17,2654,1285.093323,400.668436,move
17,2655,1278.462212,393.183226,move
17,2656,1271.831101,385.698016,move
17,2657,1265.199989,378.212807,move
17,2658,1258.568878,370.727597,move
17,2659,1251.937767,363.242387,move
17,2660,1245.306656,355.757178,move
17,2661,1238.675544,348.271968,move
17,2662,1232.044433,340.786758,move
17,2663,1225.413322,333.301549,move
17,2664,1218.782211,325.816339,move
17,2665,1212.151099,318.331129,move
17,2666,1205.519988,310.845920,move
17,2667,1198.888877,303.360710,move
17,2668,1192.257766,295.875500,move
17,2669,1185.626655,288.390291,move
17,2670,1178.995543,280.905081,move
17,2671,1172.364432,273.419871,move
17,2672,1165.733321,265.934662,move
17,2673,1159.102210,258.449452,move
17,2674,1152.471098,250.964242,move
17,2675,1145.839987,243.479033,move
17,2676,1139.208876,235.993823,move
17,2677,1132.577765,228.508613,move
17,2678,1125.946653,221.023404,move
17,2679,1119.315542,213.538194,move
17,2680,1112.684431,206.052984,move
17,2681,1106.053320,198.567775,move
17,2682,1099.422209,191.082565,move
17,2683,1092.791097,183.597355,move
17,2684,1086.159986,176.112146,move
17,2685,1079.528875,168.626936,move
17,2686,1072.897764,161.141726,move
17,2687,1066.266652,153.656517,move
17,2688,1059.635541,146.171307,move
17,2689,1053.004430,138.686097,move
17,2690,1046.373319,131.200888,move
17,2691,1039.742207,123.715678,move
17,2692,1033.111096,116.230468,move
17,2693,1026.479985,108.745259,move
17,2694,1019.848874,101.260049,move
17,2695,1013.217763,93.774839,move
17,2696,1006.586651,86.289630,move
17,2697,999.955540,78.804420,move
17,2698,993.324429,71.319210,move
17,2699,986.693318,63.834000,move
18,2700,159.000000,31.000000,wait
18,2701,159.000000,31.000000,wait
18,2702,159.000000,31.000000,wait
18,2703,159.000000,31.000000,wait
18,2704,159.000000,31.000000,wait
18,2705,159.000000,31.000000,wait
18,2706,159.000000,31.000000,wait
18,2707,159.000000,31.000000,wait
18,2708,159.000000,31.000000,wait
18,2709,159.000000,31.000000,wait
18,2710,159.000000,31.000000,wait
18,2711,159.000000,31.000000,wait
18,2712,159.000000,31.000000,wait
18,2713,159.000000,31.000000,wait
18,2714,159.000000,31.000000,wait
18,2715,161.107282,21.224553,move
18,2716,163.214565,11.449106,move
18,2717,165.321847,8.000000,move
18,2718,167.429130,17.775447,move
18,2719,169.536412,27.550894,move
18,2720,171.643695,37.326340,move
18,2721,173.750977,47.101787,move
18,2722,175.858260,56.877234,move
18,2723,177.965542,66.652681,move
18,2724,180.072825,76.428128,move
18,2725,182.180107,86.203575,move
18,2726,184.287390,95.979021,move
18,2727,186.394672,105.754468,move
18,2728,188.501955,115.529915,move
18,2729,190.609237,125.305362,move
18,2730,192.716520,135.080809,move
18,2731,194.823802,144.856255,move
18,2732,196.931085,154.631702,move
18,2733,199.038367,164.407149,move
18,2734,201.145650,174.182596,move
18,2735,203.252932,183.958043,move
18,2736,205.360215,193.733490,move
18,2737,207.467497,203.508936,move
18,2738,209.574780,213.284383,move
18,2739,211.682062,223.059830,move
18,2740,213.789345,232.835277,move
18,2741,215.896627,242.610724,move
18,2742,218.003910,252.386170,move
18,2743,220.111192,262.161617,move
18,2744,222.218475,271.937064,move
18,2745,224.325757,281.712511,move
18,2746,226.433040,291.487958,move
18,2747,228.540322,301.263405,move
18,2748,230.647605,311.038851,move
18,2749,232.754887,320.814298,move
18,2750,234.862170,330.589745,move
18,2751,236.969452,340.365192,move
18,2752,239.076735,350.140639,move
18,2753,241.184017,359.916085,move
18,2754,243.291300,369.691532,move
18,2755,245.398582,379.466979,move
18,2756,247.505865,389.242426,move
18,2757,249.613147,399.017873,move
18,2758,251.720430,408.793320,move
18,2759,253.827712,418.568766,move
18,2760,255.934995,428.344213,move
18,2761,258.042277,438.119660,move
18,2762,260.149560,447.895107,move
18,2763,262.256842,457.670554,move
18,2764,264.364125,467.446000,move
18,2765,266.471407,477.221447,move
18,2766,268.578690,486.996894,move
18,2767,270.685972,496.772341,move
18,2768,272.793255,506.547788,move
18,2769,274.900537,516.323235,move
18,2770,277.007820,526.098681,move
18,2771,279.115102,535.874128,move
18,2772,281.222385,545.649575,move
18,2773,283.329667,555.425022,move
18,2774,285.436950,565.200469,move
18,2775,287.544232,574.975915,move
18,2776,289.651515,584.751362,move
18,2777,291.758797,594.526809,move
18,2778,293.866080,604.302256,move
18,2779,295.973362,614.077703,move
18,2780,298.080645,623.853150,move
18,2781,300.187927,633.628596,move
18,2782,302.295210,643.404043,move
18,2783,304.402492,653.179490,move
18,2784,306.509775,662.954937,move
18,2785,308.617057,672.730384,move
18,2786,310.724340,682.505830,move
18,2787,312.831622,692.281277,move
18,2788,314.938905,702.056724,move
18,2789,317.046187,711.832171,move
18,2790,319.153470,721.607618,move
18,2791,321.260752,731.383065,move
18,2792,323.368035,741.158511,move
18,2793,325.475317,750.933958,move
18,2794,327.582600,760.709405,move
18,2795,329.689882,770.484852,move
18,2796,331.797165,780.260299,move
18,2797,333.904447,790.035745,move
18,2798,336.011730,799.811192,move
18,2799,338.119012,809.586639,move
18,2800,340.226295,819.362086,move
18,2801,342.333577,829.137533,move
18,2802,344.440860,838.912980,move
18,2803,346.548142,848.688426,move
18,2804,348.655425,858.463873,move
18,2805,350.762707,868.239320,move
18,2806,352.869990,878.014767,move
18,2807,354.977272,887.790214,move
18,2808,357.084555,897.565660,move
18,2809,359.191837,907.341107,move
18,2810,361.299120,917.116554,move
18,2811,363.406402,926.892001,move
18,2812,365.513685,936.667448,move
18,2813,367.620967,946.442894,move
18,2814,369.728250,956.218341,move
18,2815,371.835532,965.993788,move
18,2816,373.942815,975.769235,move
18,2817,376.050097,985.544682,move
18,2818,378.157380,992.000000,move
18,2819,380.264662,982.224553,move
18,2820,382.371945,972.449106,move
18,2821,384.479227,962.673660,move
18,2822,386.586510,952.898213,move
18,2823,388.693792,943.122766,move
18,2824,390.801074,933.347319,move
18,2825,392.908357,923.571872,move
18,2826,395.015639,913.796425,move
18,2827,397.122922,904.020979,move
18,2828,399.230204,894.245532,move
18,2829,401.337487,884.470085,move
18,2830,403.444769,874.694638,move
18,2831,405.552052,864.919191,move
18,2832,407.659334,855.143745,move
18,2833,409.766617,845.368298,move
18,2834,411.873899,835.592851,move
18,2835,413.981182,825.817404,move
18,2836,416.088464,816.041957,move
18,2837,418.195747,806.266510,move
18,2838,420.303029,796.491064,move
18,2839,422.410312,786.715617,move
18,2840,424.517594,776.940170,move
18,2841,426.624877,767.164723,move
18,2842,428.732159,757.389276,move
18,2843,430.839442,747.613830,move
18,2844,432.946724,737.838383,move
18,2845,435.054007,728.062936,move
18,2846,437.161289,718.287489,move
18,2847,439.268572,708.512042,move
18,2848,441.375854,698.736595,move
18,2849,443.483137,688.961149,move
19,2850,1739.000000,943.000000,wait
19,2851,1739.000000,943.000000,wait
19,2852,1739.000000,943.000000,wait
19,2853,1739.000000,943.000000,wait
19,2854,1739.000000,943.000000,wait
19,2855,1739.000000,943.000000,wait
19,2856,1739.000000,943.000000,wait
19,2857,1739.000000,943.000000,wait
19,2858,1739.000000,943.000000,wait
19,2859,1739.000000,943.000000,wait
19,2860,1739.000000,943.000000,wait
19,2861,1739.000000,943.000000,wait
19,2862,1739.000000,943.000000,wait
19,2863,1739.000000,943.000000,wait
19,2864,1739.000000,943.000000,wait
19,2865,1729.228057,945.123472,move
19,2866,1719.456114,947.246943,move
19,2867,1709.684171,949.370415,move
19,2868,1699.912228,951.493887,move
19,2869,1690.140285,953.617358,move
19,2870,1680.368343,955.740830,move
19,2871,1670.596400,957.864301,move
19,2872,1660.824457,959.987773,move
19,2873,1651.052514,962.111245,move
19,2874,1641.280571,964.234716,move
19,2875,1631.508628,966.358188,move
19,2876,1621.736685,968.481660,move
19,2877,1611.964742,970.605131,move
19,2878,1602.192799,972.728603,move
19,2879,1592.420856,974.852074,move
19,2880,1582.648913,976.975546,move
19,2881,1572.876971,979.099018,move
19,2882,1563.105028,981.222489,move
19,2883,1553.333085,983.345961,move
19,2884,1543.561142,985.469433,move
19,2885,1533.789199,987.592904,move
19,2886,1524.017256,989.716376,move
19,2887,1514.245313,991.839847,move
19,2888,1504.473370,992.000000,move
19,2889,1494.701427,989.876528,move
19,2890,1484.929484,987.753057,move
19,2891,1475.157541,985.629585,move
19,2892,1465.385599,983.506113,move
19,2893,1455.613656,981.382642,move
19,2894,1445.841713,979.259170,move
19,2895,1436.069770,977.135699,move
19,2896,1426.297827,975.012227,move
19,2897,1416.525884,972.888755,move
19,2898,1406.753941,970.765284,move
19,2899,1396.981998,968.641812,move
19,2900,1387.210055,966.518340,move
19,2901,1377.438112,964.394869,move
19,2902,1367.666169,962.271397,move
19,2903,1357.894226,960.147926,move
19,2904,1348.122284,958.024454,move
19,2905,1338.350341,955.900982,move
19,2906,1328.578398,953.777511,move
19,2907,1318.806455,951.654039,move
19,2908,1309.034512,949.530567,move
19,2909,1299.262569,947.407096,move
19,2910,1289.490626,945.283624,move
19,2911,1279.718683,943.160153,move
19,2912,1269.946740,941.036681,move
19,2913,1260.174797,938.913209,move
19,2914,1250.402854,936.789738,move
19,2915,1240.630912,934.666266,move
19,2916,1230.858969,932.542794,move
19,2917,1221.087026,930.419323,move
19,2918,1211.315083,928.295851,move
19,2919,1201.543140,926.172380,move
19,2920,1191.771197,924.048908,move
19,2921,1181.999254,921.925436,move
19,2922,1172.227311,919.801965,move
19,2923,1162.455368,917.678493,move
19,2924,1152.683425,915.555021,move
19,2925,1142.911482,913.431550,move
19,2926,1133.139540,911.308078,move
19,2927,1123.367597,909.184606,move
19,2928,1113.595654,907.061135,move
19,2929,1103.823711,904.937663,move
19,2930,1094.051768,902.814192,move
19,2931,1084.279825,900.690720,move
19,2932,1074.507882,898.567248,move
19,2933,1064.735939,896.443777,move
19,2934,1054.963996,894.320305,move
19,2935,1045.192053,892.196833,move
19,2936,1035.420110,890.073362,move
19,2937,1025.648168,887.949890,move
19,2938,1015.876225,885.826419,move
19,2939,1006.104282,883.702947,move
19,2940,996.332339,881.579475,move
19,2941,986.560396,879.456004,move
19,2942,976.788453,877.332532,move
19,2943,967.016510,875.209060,move
19,2944,957.244567,873.085589,move
19,2945,947.472624,870.962117,move
19,2946,937.700681,868.838646,move
19,2947,927.928738,866.715174,move
19,2948,918.156796,864.591702,move
19,2949,908.384853,862.468231,move
19,2950,898.612910,860.344759,move
19,2951,888.840967,858.221287,move
19,2952,879.069024,856.097816,move
19,2953,869.297081,853.974344,move
19,2954,859.525138,851.850873,move
19,2955,849.753195,849.727401,move
19,2956,839.981252,847.603929,move
19,2957,830.209309,845.480458,move
19,2958,820.437366,843.356986,move
19,2959,810.665424,841.233514,move
19,2960,800.893481,839.110043,move
19,2961,791.121538,836.986571,move
19,2962,781.349595,834.863100,move
19,2963,771.577652,832.739628,move
19,2964,761.805709,830.616156,move
19,2965,752.033766,828.492685,move
19,2966,742.261823,826.369213,move
19,2967,732.489880,824.245741,move
19,2968,722.717937,822.122270,move
19,2969,712.945994,819.998798,move
19,2970,703.174051,817.875326,move
19,2971,693.402109,815.751855,move
19,2972,683.630166,813.628383,move
19,2973,673.858223,811.504912,move
19,2974,664.086280,809.381440,move
19,2975,654.314337,807.257968,move
19,2976,644.542394,805.134497,move
19,2977,634.770451,803.011025,move
19,2978,624.998508,800.887553,move
19,2979,615.226565,798.764082,move
19,2980,605.454622,796.640610,move
19,2981,595.682679,794.517139,move
19,2982,585.910737,792.393667,move
19,2983,576.138794,790.270195,move
19,2984,566.366851,788.146724,move
19,2985,556.594908,786.023252,move
19,2986,546.822965,783.899780,move
19,2987,537.051022,781.776309,move
19,2988,527.279079,779.652837,move
19,2989,517.507136,777.529366,move
19,2990,507.735193,775.405894,move
19,2991,497.963250,773.282422,move
19,2992,488.191307,771.158951,move
19,2993,478.419365,769.035479,move
19,2994,468.647422,766.912007,move
19,2995,458.875479,764.788536,move
19,2996,449.103536,762.665064,move
19,2997,439.331593,760.541593,move
19,2998,429.559650,758.418121,move
19,2999,419.787707,756.294649,move
20,3000,176.000000,43.000000,wait
20,3001,176.000000,43.000000,wait
20,3002,176.000000,43.000000,wait
20,3003,176.000000,43.000000,wait
20,3004,176.000000,43.000000,wait
20,3005,176.000000,43.000000,wait
20,3006,176.000000,43.000000,wait
20,3007,176.000000,43.000000,wait
20,3008,176.000000,43.000000,wait
20,3009,176.000000,43.000000,wait
20,3010,176.000000,43.000000,wait
20,3011,176.000000,43.000000,wait
20,3012,176.000000,43.000000,wait
20,3013,176.000000,43.000000,wait
20,3014,176.000000,43.000000,wait
20,3015,181.676988,51.232363,move
20,3016,187.353976,59.464727,move
20,3017,193.030964,67.697090,move
20,3018,198.707952,75.929454,move
20,3019,204.384940,84.161817,move
20,3020,210.061928,92.394181,move
20,3021,215.738916,100.626544,move
20,3022,221.415904,108.858908,move
20,3023,227.092892,117.091271,move
20,3024,232.769879,125.323634,move
20,3025,238.446867,133.555998,move
20,3026,244.123855,141.788361,move
20,3027,249.800843,150.020725,move
20,3028,255.477831,158.253088,move
20,3029,261.154819,166.485452,move
20,3030,266.831807,174.717815,move
20,3031,272.508795,182.950179,move
20,3032,278.185783,191.182542,move
20,3033,283.862771,199.414905,move
20,3034,289.539759,207.647269,move
20,3035,295.216747,215.879632,move
20,3036,300.893735,224.111996,move
20,3037,306.570723,232.344359,move
20,3038,312.247711,240.576723,move
20,3039,317.924699,248.809086,move
20,3040,323.601687,257.041450,move
20,3041,329.278675,265.273813,move
20,3042,334.955662,273.506176,move
20,3043,340.632650,281.738540,move
20,3044,346.309638,289.970903,move
20,3045,351.986626,298.203267,move
20,3046,357.663614,306.435630,move
20,3047,363.340602,314.667994,move
20,3048,369.017590,322.900357,move
20,3049,374.694578,331.132721,move
20,3050,380.371566,339.365084,move
20,3051,386.048554,347.597447,move
20,3052,391.725542,355.829811,move
20,3053,397.402530,364.062174,move
20,3054,403.079518,372.294538,move
20,3055,408.756506,380.526901,move
20,3056,414.433494,388.759265,move
20,3057,420.110482,396.991628,move
20,3058,425.787470,405.223992,move
20,3059,431.464458,413.456355,move
20,3060,437.141445,421.688718,move
20,3061,442.818433,429.921082,move
20,3062,448.495421,438.153445,move
20,3063,454.172409,446.385809,move
20,3064,459.849397,454.618172,move
20,3065,465.526385,462.850536,move
20,3066,471.203373,471.082899,move
20,3067,476.880361,479.315263,move
20,3068,482.557349,487.547626,move
20,3069,488.234337,495.779989,move
20,3070,493.911325,504.012353,move
20,3071,499.588313,512.244716,move
20,3072,505.265301,520.477080,move
20,3073,510.942289,528.709443,move
20,3074,516.619277,536.941807,move
20,3075,522.296265,545.174170,move
20,3076,527.973253,553.406533,move
20,3077,533.650241,561.638897,move
20,3078,539.327229,569.871260,move
20,3079,545.004216,578.103624,move
20,3080,550.681204,586.335987,move
20,3081,556.358192,594.568351,move
20,3082,562.035180,602.800714,move
20,3083,567.712168,611.033078,move
20,3084,573.389156,619.265441,move
20,3085,579.066144,627.497804,move
20,3086,584.743132,635.730168,move
20,3087,590.420120,643.962531,move
20,3088,596.097108,652.194895,move
20,3089,601.774096,660.427258,move
20,3090,607.451084,668.659622,move
20,3091,613.128072,676.891985,move
20,3092,618.805060,685.124349,move
20,3093,624.482048,693.356712,move
20,3094,630.159036,701.589075,move
20,3095,635.836024,709.821439,move
20,3096,641.513012,718.053802,move
20,3097,647.189999,726.286166,move
20,3098,652.866987,734.518529,move
20,3099,658.543975,742.750893,move
20,3100,664.220963,750.983256,move
20,3101,669.897951,759.215620,move
20,3102,675.574939,767.447983,move
20,3103,681.251927,775.680346,move
20,3104,686.928915,783.912710,move
20,3105,692.605903,792.145073,move
20,3106,698.282891,800.377437,move
20,3107,703.959879,808.609800,move
20,3108,709.636867,816.842164,move
20,3109,715.313855,825.074527,move
20,3110,720.990843,833.306891,move
20,3111,726.667831,841.539254,move
20,3112,732.344819,849.771617,move
20,3113,738.021807,858.003981,move
20,3114,743.698795,866.236344,move
20,3115,749.375782,874.468708,move
20,3116,755.052770,882.701071,move
20,3117,760.729758,890.933435,move
20,3118,766.406746,899.165798,move
20,3119,772.083734,907.398162,move
20,3120,777.760722,915.630525,move
20,3121,783.437710,923.862888,move
20,3122,789.114698,932.095252,move
20,3123,794.791686,940.327615,move
20,3124,800.468674,948.559979,move
20,3125,806.145662,956.792342,move
20,3126,811.822650,965.024706,move
20,3127,817.499638,973.257069,move
20,3128,823.176626,981.489433,move
20,3129,828.853614,989.721796,move
20,3130,834.530602,992.000000,move
20,3131,840.207590,983.767637,move
20,3132,845.884578,975.535273,move
20,3133,851.561566,967.302910,move
20,3134,857.238553,959.070546,move
20,3135,862.915541,950.838183,move
20,3136,868.592529,942.605819,move
20,3137,874.269517,934.373456,move
20,3138,879.946505,926.141092,move
20,3139,885.623493,917.908729,move
20,3140,891.300481,909.676366,move
20,3141,896.977469,901.444002,move
20,3142,902.654457,893.211639,move
20,3143,908.331445,884.979275,move
20,3144,914.008433,876.746912,move
20,3145,919.685421,868.514548,move
20,3146,925.362409,860.282185,move
20,3147,931.039397,852.049821,move
20,3148,936.716385,843.817458,move
20,3149,942.393373,835.585095,move
21,3150,1841.000000,924.000000,wait
21,3151,1841.000000,924.000000,wait
21,3152,1841.000000,924.000000,wait
21,3153,1841.000000,924.000000,wait
21,3154,1841.000000,924.000000,wait
21,3155,1841.000000,924.000000,wait
21,3156,1841.000000,924.000000,wait
21,3157,1841.000000,924.000000,wait
21,3158,1841.000000,924.000000,wait
21,3159,1841.000000,924.000000,wait
21,3160,1841.000000,924.000000,wait
21,3161,1841.000000,924.000000,wait
21,3162,1841.000000,924.000000,wait
21,3163,1841.000000,924.000000,wait
21,3164,1841.000000,924.000000,wait
21,3165,1847.709827,916.585270,move
21,3166,1854.419654,909.170540,move
21,3167,1861.129481,901.755810,move
21,3168,1862.000000,894.341079,move
21,3169,1855.290173,886.926349,move
21,3170,1848.580346,879.511619,move
21,3171,1841.870519,872.096889,move
21,3172,1835.160692,864.682159,move
21,3173,1828.450866,857.267429,move
21,3174,1821.741039,849.852699,move
21,3175,1815.031212,842.437968,move
21,3176,1808.321385,835.023238,move
21,3177,1801.611558,827.608508,move
21,3178,1794.901731,820.193778,move
21,3179,1788.191904,812.779048,move
21,3180,1781.482077,805.364318,move
21,3181,1774.772250,797.949588,move
21,3182,1768.062424,790.534857,move
21,3183,1761.352597,783.120127,move
21,3184,1754.642770,775.705397,move
21,3185,1747.932943,768.290667,move
21,3186,1741.223116,760.875937,move
21,3187,1734.513289,753.461207,move
21,3188,1727.803462,746.046477,move
21,3189,1721.093635,738.631746,move
21,3190,1714.383808,731.217016,move
21,3191,1707.673982,723.802286,move
21,3192,1700.964155,716.387556,move
21,3193,1694.254328,708.972826,move
21,3194,1687.544501,701.558096,move
21,3195,1680.834674,694.143366,move
21,3196,1674.124847,686.728635,move
21,3197,1667.415020,679.313905,move
21,3198,1660.705193,671.899175,move
21,3199,1653.995366,664.484445,move
21,3200,1647.285540,657.069715,move
21,3201,1640.575713,649.654985,move
21,3202,1633.865886,642.240255,move
21,3203,1627.156059,634.825524,move
21,3204,1620.446232,627.410794,move
21,3205,1613.736405,619.996064,move
21,3206,1607.026578,612.581334,move
21,3207,1600.316751,605.166604,move
21,3208,1593.606924,597.751874,move
21,3209,1586.897098,590.337144,move
21,3210,1580.187271,582.922413,move
21,3211,1573.477444,575.507683,move
21,3212,1566.767617,568.092953,move
21,3213,1560.057790,560.678223,move
21,3214,1553.347963,553.263493,move
21,3215,1546.638136,545.848763,move
21,3216,1539.928309,538.434033,move
21,3217,1533.218482,531.019302,move
21,3218,1526.508655,523.604572,move
21,3219,1519.798829,516.189842,move
21,3220,1513.089002,508.775112,move
21,3221,1506.379175,501.360382,move
21,3222,1499.669348,493.945652,move
21,3223,1492.959521,486.530922,move
21,3224,1486.249694,479.116191,move
21,3225,1479.539867,471.701461,move
21,3226,1472.830040,464.286731,move
21,3227,1466.120213,456.872001,move
21,3228,1459.410387,449.457271,move
21,3229,1452.700560,442.042541,move
21,3230,1445.990733,434.627811,move
21,3231,1439.280906,427.213080,move
21,3232,1432.571079,419.798350,move
21,3233,1425.861252,412.383620,move
21,3234,1419.151425,404.968890,move
21,3235,1412.441598,397.554160,move
21,3236,1405.731771,390.139430,move
21,3237,1399.021945,382.724700,move
21,3238,1392.312118,375.309969,move
21,3239,1385.602291,367.895239,move
21,3240,1378.892464,360.480509,move
21,3241,1372.182637,353.065779,move
21,3242,1365.472810,345.651049,move
21,3243,1358.762983,338.236319,move
21,3244,1352.053156,330.821589,move
21,3245,1345.343329,323.406858,move
21,3246,1338.633503,315.992128,move
21,3247,1331.923676,308.577398,move
21,3248,1325.213849,301.162668,move
21,3249,1318.504022,293.747938,move
21,3250,1311.794195,286.333208,move
21,3251,1305.084368,278.918477,move
21,3252,1298.374541,271.503747,move
21,3253,1291.664714,264.089017,move
21,3254,1284.954887,256.674287,move
21,3255,1278.245061,249.259557,move
21,3256,1271.535234,241.844827,move
21,3257,1264.825407,234.430097,move
21,3258,1258.115580,227.015366,move
21,3259,1251.405753,219.600636,move
21,3260,1244.695926,212.185906,move
21,3261,1237.986099,204.771176,move
21,3262,1231.276272,197.356446,move
21,3263,1224.566445,189.941716,move
21,3264,1217.856619,182.526986,move
21,3265,1211.146792,175.112255,move
21,3266,1204.436965,167.697525,move
21,3267,1197.727138,160.282795,move
21,3268,1191.017311,152.868065,move
21,3269,1184.307484,145.453335,move
21,3270,1177.597657,138.038605,move
21,3271,1170.887830,130.623875,move
21,3272,1164.178003,123.209144,move
21,3273,1157.468177,115.794414,move
21,3274,1150.758350,108.379684,move
21,3275,1144.048523,100.964954,move
21,3276,1137.338696,93.550224,move
21,3277,1130.628869,86.135494,move
21,3278,1123.919042,78.720764,move
21,3279,1117.209215,71.306033,move
21,3280,1110.499388,63.891303,move
21,3281,1103.789561,56.476573,move
21,3282,1097.079735,49.061843,move
21,3283,1090.369908,41.647113,move
21,3284,1083.660081,34.232383,move
21,3285,1076.950254,26.817653,move
21,3286,1070.240427,19.402922,move
21,3287,1063.530600,11.988192,move
21,3288,1056.820773,8.000000,move
21,3289,1050.110946,15.414730,move
21,3290,1043.401119,22.829460,move
21,3291,1036.691293,30.244190,move
21,3292,1029.981466,37.658921,move
21,3293,1023.271639,45.073651,move
21,3294,1016.561812,52.488381,move
21,3295,1009.851985,59.903111,move
21,3296,1003.142158,67.317841,move
21,3297,996.432331,74.732571,move
21,3298,989.722504,82.147301,move
21,3299,983.012677,89.562032,move
22,3300,176.000000,911.000000,wait
22,3301,176.000000,911.000000,wait
22,3302,176.000000,911.000000,wait
22,3303,176.000000,911.000000,wait
22,3304,176.000000,911.000000,wait
22,3305,176.000000,911.000000,wait
22,3306,176.000000,911.000000,wait
22,3307,176.000000,911.000000,wait
22,3308,176.000000,911.000000,wait
22,3309,176.000000,911.000000,wait
22,3310,176.000000,911.000000,wait
22,3311,176.000000,911.000000,wait
22,3312,176.000000,911.000000,wait
22,3313,176.000000,911.000000,wait
22,3314,176.000000,911.000000,wait
22,3315,166.274759,908.671978,move
22,3316,156.549518,906.343956,move
22,3317,146.824277,904.015934,move
22,3318,137.099036,901.687912,move
22,3319,127.373795,899.359890,move
22,3320,117.648554,897.031868,move
22,3321,107.923313,894.703846,move
22,3322,98.198072,892.375824,move
22,3323,88.472831,890.047801,move
22,3324,78.747590,887.719779,move
22,3325,69.022349,885.391757,move
22,3326,59.297108,883.063735,move
22,3327,49.571866,880.735713,move
22,3328,39.846625,878.407691,move
22,3329,30.121384,876.079669,move
22,3330,20.396143,873.751647,move
22,3331,10.670902,871.423625,move
22,3332,8.000000,869.095603,move
22,3333,17.725241,866.767581,move
22,3334,27.450482,864.439559,move
22,3335,37.175723,862.111537,move
22,3336,46.900964,859.783515,move
22,3337,56.626205,857.455493,move
22,3338,66.351446,855.127471,move
22,3339,76.076687,852.799449,move
22,3340,85.801928,850.471427,move
22,3341,95.527169,848.143404,move
22,3342,105.252410,845.815382,move
22,3343,114.977651,843.487360,move
22,3344,124.702892,841.159338,move
22,3345,134.428134,838.831316,move
22,3346,144.153375,836.503294,move
22,3347,153.878616,834.175272,move
22,3348,163.603857,831.847250,move
22,3349,173.329098,829.519228,move
22,3350,183.054339,827.191206,move
22,3351,192.779580,824.863184,move
22,3352,202.504821,822.535162,move
22,3353,212.230062,820.207140,move
22,3354,221.955303,817.879118,move
22,3355,231.680544,815.551096,move
22,3356,241.405785,813.223074,move
22,3357,251.131026,810.895052,move
22,3358,260.856267,808.567030,move
22,3359,270.581508,806.239007,move
22,3360,280.306749,803.910985,move
22,3361,290.031990,801.582963,move
22,3362,299.757231,799.254941,move
22,3363,309.482472,796.926919,move
22,3364,319.207713,794.598897,move
22,3365,328.932954,792.270875,move
22,3366,338.658195,789.942853,move
22,3367,348.383436,787.614831,move
22,3368,358.108677,785.286809,move
22,3369,367.833919,782.958787,move
22,3370,377.559160,780.630765,move
22,3371,387.284401,778.302743,move
22,3372,397.009642,775.974721,move
22,3373,406.734883,773.646699,move
22,3374,416.460124,771.318677,move
22,3375,426.185365,768.990655,move
22,3376,435.910606,766.662633,move
22,3377,445.635847,764.334610,move
22,3378,455.361088,762.006588,move
22,3379,465.086329,759.678566,move
22,3380,474.811570,757.350544,move
22,3381,484.536811,755.022522,move
22,3382,494.262052,752.694500,move
22,3383,503.987293,750.366478,move
22,3384,513.712534,748.038456,move
22,3385,523.437775,745.710434,move
22,3386,533.163016,743.382412,move
22,3387,542.888257,741.054390,move
22,3388,552.613498,738.726368,move
22,3389,562.338739,736.398346,move
22,3390,572.063980,734.070324,move
22,3391,581.789221,731.742302,move
22,3392,591.514462,729.414280,move
22,3393,601.239704,727.086258,move
22,3394,610.964945,724.758236,move
22,3395,620.690186,722.430213,move
22,3396,630.415427,720.102191,move
22,3397,640.140668,717.774169,move
22,3398,649.865909,715.446147,move
22,3399,659.591150,713.118125,move
22,3400,669.316391,710.790103,move
22,3401,679.041632,708.462081,move
22,3402,688.766873,706.134059,move
22,3403,698.492114,703.806037,move
22,3404,708.217355,701.478015,move
22,3405,717.942596,699.149993,move
22,3406,727.667837,696.821971,move
22,3407,737.393078,694.493949,move
22,3408,747.118319,692.165927,move
22,3409,756.843560,689.837905,move
22,3410,766.568801,687.509883,move
22,3411,776.294042,685.181861,move
22,3412,786.019283,682.853838,move
22,3413,795.744524,680.525816,move
22,3414,805.469765,678.197794,move
22,3415,815.195006,675.869772,move
22,3416,824.920247,673.541750,move
22,3417,834.645488,671.213728,move
22,3418,844.370730,668.885706,move
22,3419,854.095971,666.557684,move
22,3420,863.821212,664.229662,move
22,3421,873.546453,661.901640,move
22,3422,883.271694,659.573618,move
22,3423,892.996935,657.245596,move
22,3424,902.722176,654.917574,move
22,3425,912.447417,652.589552,move
22,3426,922.172658,650.261530,move
22,3427,931.897899,647.933508,move
22,3428,941.623140,645.605486,move
22,3429,951.348381,643.277464,move
22,3430,961.073622,640.949441,move
22,3431,970.798863,638.621419,move
22,3432,980.524104,636.293397,move
22,3433,990.249345,633.965375,move
22,3434,999.974586,631.637353,move
22,3435,1009.699827,629.309331,move
22,3436,1019.425068,626.981309,move
22,3437,1029.150309,624.653287,move
22,3438,1038.875550,622.325265,move
22,3439,1048.600791,619.997243,move
22,3440,1058.326032,617.669221,move
22,3441,1068.051273,615.341199,move
22,3442,1077.776515,613.013177,move
22,3443,1087.501756,610.685155,move
22,3444,1097.226997,608.357133,move
22,3445,1106.952238,606.029111,move
22,3446,1116.677479,603.701089,move
22,3447,1126.402720,601.373067,move
22,3448,1136.127961,599.045044,move
22,3449,1145.853202,596.717022,move
23,3450,348.000000,649.000000,wait
23,3451,348.000000,649.000000,wait
23,3452,348.000000,649.000000,wait
23,3453,348.000000,649.000000,wait
23,3454,348.000000,649.000000,wait
23,3455,348.000000,649.000000,wait
23,3456,348.000000,649.000000,wait
23,3457,348.000000,649.000000,wait
23,3458,348.000000,649.000000,wait
23,3459,348.000000,649.000000,wait
23,3460,348.000000,649.000000,wait
23,3461,348.000000,649.000000,wait
23,3462,348.000000,649.000000,wait
23,3463,348.000000,649.000000,wait
23,3464,348.000000,649.000000,wait
23,3465,357.707978,646.601010,move
23,3466,367.415957,644.202020,move
23,3467,377.123935,641.803030,move
23,3468,386.831914,639.404040,move
23,3469,396.539892,637.005049,move
23,3470,406.247871,634.606059,move
23,3471,415.955849,632.207069,move
23,3472,425.663828,629.808079,move
23,3473,435.371806,627.409089,move
23,3474,445.079785,625.010099,move
23,3475,454.787763,622.611109,move
23,3476,464.495742,620.212119,move
23,3477,474.203720,617.813129,move
23,3478,483.911699,615.414138,move
23,3479,493.619677,613.015148,move
23,3480,503.327656,610.616158,move
23,3481,513.035634,608.217168,move
23,3482,522.743613,605.818178,move
23,3483,532.451591,603.419188,move
23,3484,542.159570,601.020198,move
23,3485,551.867548,598.621208,move
23,3486,561.575527,596.222218,move
23,3487,571.283505,593.823228,move
23,3488,580.991484,591.424237,move
23,3489,590.699462,589.025247,move
23,3490,600.407441,586.626257,move
23,3491,610.115419,584.227267,move
23,3492,619.823398,581.828277,move
23,3493,629.531376,579.429287,move
23,3494,639.239355,577.030297,move
23,3495,648.947333,574.631307,move
23,3496,658.655312,572.232317,move
23,3497,668.363290,569.833326,move
23,3498,678.071269,567.434336,move
23,3499,687.779247,565.035346,move
23,3500,697.487226,562.636356,move
23,3501,707.195204,560.237366,move
23,3502,716.903183,557.838376,move
23,3503,726.611161,555.439386,move
23,3504,736.319140,553.040396,move
23,3505,746.027118,550.641406,move
23,3506,755.735097,548.242415,move
23,3507,765.443075,545.843425,move
23,3508,775.151054,543.444435,move
23,3509,784.859032,541.045445,move
23,3510,794.567011,538.646455,move
23,3511,804.274989,536.247465,move
23,3512,813.982968,533.848475,move
23,3513,823.690946,531.449485,move
23,3514,833.398925,529.050495,move
23,3515,843.106903,526.651505,move
23,3516,852.814882,524.252514,move
23,3517,862.522860,521.853524,move
23,3518,872.230839,519.454534,move
23,3519,881.938817,517.055544,move
23,3520,891.646796,514.656554,move
23,3521,901.354774,512.257564,move
23,3522,911.062753,509.858574,move
23,3523,920.770731,507.459584,move
23,3524,930.478710,505.060594,move
23,3525,940.186688,502.661603,move
23,3526,949.894667,500.262613,move
23,3527,959.602645,497.863623,move
23,3528,969.310624,495.464633,move
23,3529,979.018602,493.065643,move
23,3530,988.726581,490.666653,move
23,3531,998.434559,488.267663,move
23,3532,1008.142538,485.868673,move
23,3533,1017.850516,483.469683,move
23,3534,1027.558495,481.070692,move
23,3535,1037.266473,478.671702,move
23,3536,1046.974452,476.272712,move
23,3537,1056.682430,473.873722,move
23,3538,1066.390409,471.474732,move
23,3539,1076.098387,469.075742,move
23,3540,1085.806366,466.676752,move
23,3541,1095.514344,464.277762,move
23,3542,1105.222323,461.878772,move
23,3543,1114.930301,459.479782,move
23,3544,1124.638280,457.080791,move
23,3545,1134.346258,454.681801,move
23,3546,1144.054237,452.282811,move
23,3547,1153.762215,449.883821,move
23,3548,1163.470194,447.484831,move
23,3549,1173.178172,445.085841,move
23,3550,1182.886151,442.686851,move
23,3551,1192.594129,440.287861,move
23,3552,1202.302108,437.888871,move
23,3553,1212.010086,435.489880,move
23,3554,1221.718065,433.090890,move
23,3555,1231.426043,430.691900,move
23,3556,1241.134022,428.292910,move
23,3557,1250.842000,425.893920,move
23,3558,1260.549979,423.494930,move
23,3559,1270.257957,421.095940,move
23,3560,1279.965936,418.696950,move
23,3561,1289.673914,416.297960,move
23,3562,1299.381893,413.898969,move
23,3563,1309.089871,411.499979,move
23,3564,1318.797850,409.100989,move
23,3565,1328.505828,406.701999,move
23,3566,1338.213807,404.303009,move
23,3567,1347.921785,401.904019,move
23,3568,1357.629764,399.505029,move
23,3569,1367.337742,397.106039,move
23,3570,1377.045720,394.707049,move
23,3571,1386.753699,392.308059,move
23,3572,1396.461677,389.909068,move
23,3573,1406.169656,387.510078,move
23,3574,1415.877634,385.111088,move
23,3575,1425.585613,382.712098,move
23,3576,1435.293591,380.313108,move
23,3577,1445.001570,377.914118,move
23,3578,1454.709548,375.515128,move
23,3579,1464.417527,373.116138,move
23,3580,1474.125505,370.717148,move
23,3581,1483.833484,368.318157,move
23,3582,1493.541462,365.919167,move
23,3583,1503.249441,363.520177,move
23,3584,1512.957419,361.121187,move
23,3585,1522.665398,358.722197,move
23,3586,1532.373376,356.323207,move
23,3587,1542.081355,353.924217,move
23,3588,1551.789333,351.525227,move
23,3589,1561.497312,349.126237,move
23,3590,1571.205290,346.727246,move
23,3591,1580.913269,344.328256,move
23,3592,1590.621247,341.929266,move
23,3593,1600.329226,339.530276,move
23,3594,1610.037204,337.131286,move
23,3595,1619.745183,334.732296,move
23,3596,1629.453161,332.333306,move
23,3597,1639.161140,329.934316,move
23,3598,1648.869118,327.535326,move
23,3599,1658.577097,325.136336,move
